"","X","Day","Month","Year","count","mdy","wd"
"1",1,1,1,2010,3442,2010-01-01,6
"2",2,1,1,2011,2718,2011-01-01,7
"3",3,1,1,2012,3319,2012-01-01,1
"4",4,1,1,2013,6605,2013-01-01,3
"5",5,1,1,2014,5779,2014-01-01,4
"6",6,1,1,2015,4720,2015-01-01,5
"7",7,1,1,2016,3832,2016-01-01,6
"8",8,1,2,2010,6005,2010-02-01,2
"9",9,1,2,2011,6174,2011-02-01,3
"10",10,1,2,2012,5354,2012-02-01,4
"11",11,1,2,2013,3952,2013-02-01,6
"12",12,1,2,2014,2820,2014-02-01,7
"13",13,1,2,2015,6629,2015-02-01,1
"14",14,1,2,2016,6093,2016-02-01,2
"15",15,1,3,2010,6217,2010-03-01,2
"16",16,1,3,2011,5951,2011-03-01,3
"17",17,1,3,2012,4203,2012-03-01,5
"18",18,1,3,2013,2929,2013-03-01,6
"19",19,1,3,2014,3393,2014-03-01,7
"20",20,1,3,2015,6772,2015-03-01,1
"21",21,1,3,2016,6355,2016-03-01,3
"22",22,1,4,2010,4144,2010-04-01,5
"23",23,1,4,2011,2835,2011-04-01,6
"24",24,1,4,2012,4630,2012-04-01,1
"25",25,1,4,2013,5099,2013-04-01,2
"26",26,1,4,2014,5481,2014-04-01,3
"27",27,1,4,2015,5897,2015-04-01,4
"28",28,1,4,2016,5217,2016-04-01,6
"29",29,1,5,2010,2528,2010-05-01,7
"30",30,1,5,2011,4754,2011-05-01,1
"31",31,1,5,2012,4428,2012-05-01,3
"32",32,1,5,2013,4223,2013-05-01,4
"33",33,1,5,2014,4991,2014-05-01,5
"34",34,1,5,2015,3421,2015-05-01,6
"35",35,1,6,2010,5170,2010-06-01,3
"36",36,1,6,2011,5135,2011-06-01,4
"37",37,1,6,2012,2596,2012-06-01,6
"38",38,1,6,2013,2773,2013-06-01,7
"39",39,1,6,2014,5630,2014-06-01,1
"40",40,1,6,2015,6191,2015-06-01,2
"41",41,1,7,2010,4212,2010-07-01,5
"42",42,1,7,2011,2361,2011-07-01,6
"43",43,1,7,2012,5882,2012-07-01,1
"44",44,1,7,2013,4992,2013-07-01,2
"45",45,1,7,2014,6073,2014-07-01,3
"46",46,1,7,2015,5598,2015-07-01,4
"47",47,1,8,2010,5552,2010-08-01,1
"48",48,1,8,2011,5488,2011-08-01,2
"49",49,1,8,2012,4948,2012-08-01,4
"50",50,1,8,2013,4493,2013-08-01,5
"51",51,1,8,2014,3000,2014-08-01,6
"52",52,1,8,2015,3802,2015-08-01,7
"53",53,1,9,2010,5031,2010-09-01,4
"54",54,1,9,2011,4950,2011-09-01,5
"55",55,1,9,2012,2020,2012-09-01,7
"56",56,1,9,2013,2382,2013-09-01,1
"57",57,1,9,2014,5812,2014-09-01,2
"58",58,1,9,2015,5982,2015-09-01,3
"59",59,1,10,2010,3037,2010-10-01,6
"60",60,1,10,2011,2067,2011-10-01,7
"61",61,1,10,2012,4576,2012-10-01,2
"62",62,1,10,2013,5217,2013-10-01,3
"63",63,1,10,2014,4922,2014-10-01,4
"64",64,1,10,2015,6217,2015-10-01,5
"65",65,1,11,2010,6773,2010-11-01,2
"66",66,1,11,2011,6625,2011-11-01,3
"67",67,1,11,2012,6921,2012-11-01,5
"68",68,1,11,2013,2596,2013-11-01,6
"69",69,1,11,2014,5499,2014-11-01,7
"70",70,1,11,2015,6035,2015-11-01,1
"71",71,1,12,2010,6242,2010-12-01,4
"72",72,1,12,2011,5432,2011-12-01,5
"73",73,1,12,2012,2443,2012-12-01,7
"74",74,1,12,2013,4907,2013-12-01,1
"75",75,1,12,2014,6255,2014-12-01,2
"76",76,1,12,2015,5894,2015-12-01,3
"77",77,2,1,2010,5327,2010-01-02,7
"78",78,2,1,2011,6137,2011-01-02,1
"79",79,2,1,2012,7107,2012-01-02,2
"80",80,2,1,2013,6198,2013-01-02,4
"81",81,2,1,2014,5843,2014-01-02,5
"82",82,2,1,2015,3467,2015-01-02,6
"83",83,2,1,2016,4096,2016-01-02,7
"84",84,2,2,2010,5415,2010-02-02,3
"85",85,2,2,2011,6652,2011-02-02,4
"86",86,2,2,2012,4824,2012-02-02,5
"87",87,2,2,2013,3188,2013-02-02,7
"88",88,2,2,2014,5548,2014-02-02,1
"89",89,2,2,2015,8874,2015-02-02,2
"90",90,2,2,2016,5991,2016-02-02,3
"91",91,2,3,2010,6453,2010-03-02,3
"92",92,2,3,2011,6238,2011-03-02,4
"93",93,2,3,2012,2381,2012-03-02,6
"94",94,2,3,2013,2720,2013-03-02,7
"95",95,2,3,2014,5979,2014-03-02,1
"96",96,2,3,2015,7127,2015-03-02,2
"97",97,2,3,2016,6545,2016-03-02,4
"98",98,2,4,2010,2503,2010-04-02,6
"99",99,2,4,2011,2395,2011-04-02,7
"100",100,2,4,2012,4613,2012-04-02,2
"101",101,2,4,2013,5270,2013-04-02,3
"102",102,2,4,2014,5290,2014-04-02,4
"103",103,2,4,2015,4944,2015-04-02,5
"104",104,2,4,2016,6242,2016-04-02,7
"105",105,2,5,2010,6500,2010-05-02,1
"106",106,2,5,2011,5188,2011-05-02,2
"107",107,2,5,2012,4378,2012-05-02,4
"108",108,2,5,2013,4297,2013-05-02,5
"109",109,2,5,2014,3226,2014-05-02,6
"110",110,2,5,2015,3563,2015-05-02,7
"111",111,2,6,2010,4987,2010-06-02,4
"112",112,2,6,2011,4672,2011-06-02,5
"113",113,2,6,2012,2127,2012-06-02,7
"114",114,2,6,2013,4987,2013-06-02,1
"115",115,2,6,2014,5664,2014-06-02,2
"116",116,2,6,2015,6366,2015-06-02,3
"117",117,2,7,2010,2404,2010-07-02,6
"118",118,2,7,2011,1564,2011-07-02,7
"119",119,2,7,2012,5280,2012-07-02,2
"120",120,2,7,2013,4942,2013-07-02,3
"121",121,2,7,2014,5860,2014-07-02,4
"122",122,2,7,2015,3920,2015-07-02,5
"123",123,2,8,2010,5376,2010-08-02,2
"124",124,2,8,2011,4435,2011-08-02,3
"125",125,2,8,2012,4613,2012-08-02,5
"126",126,2,8,2013,2418,2013-08-02,6
"127",127,2,8,2014,2716,2014-08-02,7
"128",128,2,8,2015,6355,2015-08-02,1
"129",129,2,9,2010,4790,2010-09-02,5
"130",130,2,9,2011,2886,2011-09-02,6
"131",131,2,9,2012,2290,2012-09-02,1
"132",132,2,9,2013,5154,2013-09-02,2
"133",133,2,9,2014,5354,2014-09-02,3
"134",134,2,9,2015,5616,2015-09-02,4
"135",135,2,10,2010,2634,2010-10-02,7
"136",136,2,10,2011,5412,2011-10-02,1
"137",137,2,10,2012,4944,2012-10-02,3
"138",138,2,10,2013,5080,2013-10-02,4
"139",139,2,10,2014,4562,2014-10-02,5
"140",140,2,10,2015,6275,2015-10-02,6
"141",141,2,11,2010,6499,2010-11-02,3
"142",142,2,11,2011,5801,2011-11-02,4
"143",143,2,11,2012,4833,2012-11-02,6
"144",144,2,11,2013,3083,2013-11-02,7
"145",145,2,11,2014,7237,2014-11-02,1
"146",146,2,11,2015,5435,2015-11-02,2
"147",147,2,12,2010,5921,2010-12-02,5
"148",148,2,12,2011,3634,2011-12-02,6
"149",149,2,12,2012,5233,2012-12-02,1
"150",150,2,12,2013,5346,2013-12-02,2
"151",151,2,12,2014,5642,2014-12-02,3
"152",152,2,12,2015,6457,2015-12-02,4
"153",153,3,1,2010,8218,2010-01-03,1
"154",154,3,1,2011,5819,2011-01-03,2
"155",155,3,1,2012,9133,2012-01-03,3
"156",156,3,1,2013,5450,2013-01-03,5
"157",157,3,1,2014,6862,2014-01-03,6
"158",158,3,1,2015,3137,2015-01-03,7
"159",159,3,1,2016,8515,2016-01-03,1
"160",160,3,2,2010,5200,2010-02-03,4
"161",161,3,2,2011,5980,2011-02-03,5
"162",162,3,2,2012,2806,2012-02-03,6
"163",163,3,2,2013,6011,2013-02-03,1
"164",164,3,2,2014,6390,2014-02-03,2
"165",165,3,2,2015,7827,2015-02-03,3
"166",166,3,2,2016,6277,2016-02-03,4
"167",167,3,3,2010,6029,2010-03-03,4
"168",168,3,3,2011,5190,2011-03-03,5
"169",169,3,3,2012,2414,2012-03-03,7
"170",170,3,3,2013,5384,2013-03-03,1
"171",171,3,3,2014,6470,2014-03-03,2
"172",172,3,3,2015,7331,2015-03-03,3
"173",173,3,3,2016,5657,2016-03-03,5
"174",174,3,4,2010,2092,2010-04-03,7
"175",175,3,4,2011,4832,2011-04-03,1
"176",176,3,4,2012,4234,2012-04-03,3
"177",177,3,4,2013,4829,2013-04-03,4
"178",178,3,4,2014,5061,2014-04-03,5
"179",179,3,4,2015,3715,2015-04-03,6
"180",180,3,4,2016,6789,2016-04-03,1
"181",181,3,5,2010,5361,2010-05-03,2
"182",182,3,5,2011,5042,2011-05-03,3
"183",183,3,5,2012,4327,2012-05-03,5
"184",184,3,5,2013,2551,2013-05-03,6
"185",185,3,5,2014,2856,2014-05-03,7
"186",186,3,5,2015,6258,2015-05-03,1
"187",187,3,6,2010,4927,2010-06-03,5
"188",188,3,6,2011,2581,2011-06-03,6
"189",189,3,6,2012,4819,2012-06-03,1
"190",190,3,6,2013,5282,2013-06-03,2
"191",191,3,6,2014,5656,2014-06-03,3
"192",192,3,6,2015,5819,2015-06-03,4
"193",193,3,7,2010,1728,2010-07-03,7
"194",194,3,7,2011,2084,2011-07-03,1
"195",195,3,7,2012,2572,2012-07-03,3
"196",196,3,7,2013,2425,2013-07-03,4
"197",197,3,7,2014,2417,2014-07-03,5
"198",198,3,7,2015,2814,2015-07-03,6
"199",199,3,8,2010,5298,2010-08-03,3
"200",200,3,8,2011,4851,2011-08-03,4
"201",201,3,8,2012,2515,2012-08-03,6
"202",202,3,8,2013,2254,2013-08-03,7
"203",203,3,8,2014,4778,2014-08-03,1
"204",204,3,8,2015,6536,2015-08-03,2
"205",205,3,9,2010,2616,2010-09-03,6
"206",206,3,9,2011,2155,2011-09-03,7
"207",207,3,9,2012,4728,2012-09-03,2
"208",208,3,9,2013,4703,2013-09-03,3
"209",209,3,9,2014,5727,2014-09-03,4
"210",210,3,9,2015,5420,2015-09-03,5
"211",211,3,10,2010,6114,2010-10-03,1
"212",212,3,10,2011,5445,2011-10-03,2
"213",213,3,10,2012,4807,2012-10-03,4
"214",214,3,10,2013,4770,2013-10-03,5
"215",215,3,10,2014,3014,2014-10-03,6
"216",216,3,10,2015,4559,2015-10-03,7
"217",217,3,11,2010,6557,2010-11-03,4
"218",218,3,11,2011,5991,2011-11-03,5
"219",219,3,11,2012,3806,2012-11-03,7
"220",220,3,11,2013,5979,2013-11-03,1
"221",221,3,11,2014,4877,2014-11-03,2
"222",222,3,11,2015,5892,2015-11-03,3
"223",223,3,12,2010,4179,2010-12-03,6
"224",224,3,12,2011,2513,2011-12-03,7
"225",225,3,12,2012,5062,2012-12-03,2
"226",226,3,12,2013,5214,2013-12-03,3
"227",227,3,12,2014,6091,2014-12-03,4
"228",228,3,12,2015,6104,2015-12-03,5
"229",229,4,1,2010,7386,2010-01-04,2
"230",230,4,1,2011,5918,2011-01-04,3
"231",231,4,1,2012,6469,2012-01-04,4
"232",232,4,1,2013,3459,2013-01-04,6
"233",233,4,1,2014,4962,2014-01-04,7
"234",234,4,1,2015,6547,2015-01-04,1
"235",235,4,1,2016,11566,2016-01-04,2
"236",236,4,2,2010,4954,2010-02-04,5
"237",237,4,2,2011,3328,2011-02-04,6
"238",238,4,2,2012,2383,2012-02-04,7
"239",239,4,2,2013,5968,2013-02-04,2
"240",240,4,2,2014,6580,2014-02-04,3
"241",241,4,2,2015,6952,2015-02-04,4
"242",242,4,2,2016,5671,2016-02-04,5
"243",243,4,3,2010,5346,2010-03-04,5
"244",244,4,3,2011,3184,2011-03-04,6
"245",245,4,3,2012,5372,2012-03-04,1
"246",246,4,3,2013,5506,2013-03-04,2
"247",247,4,3,2014,6127,2014-03-04,3
"248",248,4,3,2015,6037,2015-03-04,4
"249",249,4,3,2016,4391,2016-03-04,6
"250",250,4,4,2010,5546,2010-04-04,1
"251",251,4,4,2011,4656,2011-04-04,2
"252",252,4,4,2012,4214,2012-04-04,4
"253",253,4,4,2013,4497,2013-04-04,5
"254",254,4,4,2014,3564,2014-04-04,6
"255",255,4,4,2015,2940,2015-04-04,7
"256",256,4,4,2016,7407,2016-04-04,2
"257",257,4,5,2010,5483,2010-05-04,3
"258",258,4,5,2011,4901,2011-05-04,4
"259",259,4,5,2012,2000,2012-05-04,6
"260",260,4,5,2013,2274,2013-05-04,7
"261",261,4,5,2014,5803,2014-05-04,1
"262",262,4,5,2015,6335,2015-05-04,2
"263",263,4,6,2010,2706,2010-06-04,6
"264",264,4,6,2011,1930,2011-06-04,7
"265",265,4,6,2012,4833,2012-06-04,2
"266",266,4,6,2013,5459,2013-06-04,3
"267",267,4,6,2014,5277,2014-06-04,4
"268",268,4,6,2015,5295,2015-06-04,5
"269",269,4,7,2010,3372,2010-07-04,1
"270",270,4,7,2011,5270,2011-07-04,2
"271",271,4,7,2012,5645,2012-07-04,4
"272",272,4,7,2013,3993,2013-07-04,5
"273",273,4,7,2014,2983,2014-07-04,6
"274",274,4,7,2015,3042,2015-07-04,7
"275",275,4,8,2010,5310,2010-08-04,4
"276",276,4,8,2011,4564,2011-08-04,5
"277",277,4,8,2012,2346,2012-08-04,7
"278",278,4,8,2013,5212,2013-08-04,1
"279",279,4,8,2014,5798,2014-08-04,2
"280",280,4,8,2015,6655,2015-08-04,3
"281",281,4,9,2010,1923,2010-09-04,7
"282",282,4,9,2011,2797,2011-09-04,1
"283",283,4,9,2012,4689,2012-09-04,3
"284",284,4,9,2013,4595,2013-09-04,4
"285",285,4,9,2014,5243,2014-09-04,5
"286",286,4,9,2015,3599,2015-09-04,6
"287",287,4,10,2010,5521,2010-10-04,2
"288",288,4,10,2011,5142,2011-10-04,3
"289",289,4,10,2012,4309,2012-10-04,5
"290",290,4,10,2013,2472,2013-10-04,6
"291",291,4,10,2014,3070,2014-10-04,7
"292",292,4,10,2015,6497,2015-10-04,1
"293",293,4,11,2010,6552,2010-11-04,5
"294",294,4,11,2011,3861,2011-11-04,6
"295",295,4,11,2012,6876,2012-11-04,1
"296",296,4,11,2013,5377,2013-11-04,2
"297",297,4,11,2014,5466,2014-11-04,3
"298",298,4,11,2015,5813,2015-11-04,4
"299",299,4,12,2010,3861,2010-12-04,7
"300",300,4,12,2011,5332,2011-12-04,1
"301",301,4,12,2012,5455,2012-12-04,3
"302",302,4,12,2013,5049,2013-12-04,4
"303",303,4,12,2014,5452,2014-12-04,5
"304",304,4,12,2015,4205,2015-12-04,6
"305",305,5,1,2010,6105,2010-01-05,3
"306",306,5,1,2011,5559,2011-01-05,4
"307",307,5,1,2012,5243,2012-01-05,5
"308",308,5,1,2013,2720,2013-01-05,7
"309",309,5,1,2014,6618,2014-01-05,1
"310",310,5,1,2015,7154,2015-01-05,2
"311",311,5,1,2016,7954,2016-01-05,3
"312",312,5,2,2010,3136,2010-02-05,6
"313",313,5,2,2011,2913,2011-02-05,7
"314",314,5,2,2012,4837,2012-02-05,1
"315",315,5,2,2013,5561,2013-02-05,3
"316",316,5,2,2014,8276,2014-02-05,4
"317",317,5,2,2015,6946,2015-02-05,5
"318",318,5,2,2016,4038,2016-02-05,6
"319",319,5,3,2010,3104,2010-03-05,6
"320",320,5,3,2011,2816,2011-03-05,7
"321",321,5,3,2012,5268,2012-03-05,2
"322",322,5,3,2013,5897,2013-03-05,3
"323",323,5,3,2014,6348,2014-03-05,4
"324",324,5,3,2015,6786,2015-03-05,5
"325",325,5,3,2016,3698,2016-03-05,7
"326",326,5,4,2010,5848,2010-04-05,2
"327",327,5,4,2011,4896,2011-04-05,3
"328",328,5,4,2012,3493,2012-04-05,5
"329",329,5,4,2013,2764,2013-04-05,6
"330",330,5,4,2014,3007,2014-04-05,7
"331",331,5,4,2015,6069,2015-04-05,1
"332",332,5,4,2016,6658,2016-04-05,3
"333",333,5,5,2010,5358,2010-05-05,4
"334",334,5,5,2011,4373,2011-05-05,5
"335",335,5,5,2012,2010,2012-05-05,7
"336",336,5,5,2013,4991,2013-05-05,1
"337",337,5,5,2014,5441,2014-05-05,2
"338",338,5,5,2015,6123,2015-05-05,3
"339",339,5,6,2010,2582,2010-06-05,7
"340",340,5,6,2011,5049,2011-06-05,1
"341",341,5,6,2012,4749,2012-06-05,3
"342",342,5,6,2013,4938,2013-06-05,4
"343",343,5,6,2014,5154,2014-06-05,5
"344",344,5,6,2015,3910,2015-06-05,6
"345",345,5,7,2010,6818,2010-07-05,2
"346",346,5,7,2011,5496,2011-07-05,3
"347",347,5,7,2012,5163,2012-07-05,5
"348",348,5,7,2013,2689,2013-07-05,6
"349",349,5,7,2014,2982,2014-07-05,7
"350",350,5,7,2015,6171,2015-07-05,1
"351",351,5,8,2010,4668,2010-08-05,5
"352",352,5,8,2011,2528,2011-08-05,6
"353",353,5,8,2012,5289,2012-08-05,1
"354",354,5,8,2013,5075,2013-08-05,2
"355",355,5,8,2014,5464,2014-08-05,3
"356",356,5,8,2015,5978,2015-08-05,4
"357",357,5,9,2010,2128,2010-09-05,1
"358",358,5,9,2011,5998,2011-09-05,2
"359",359,5,9,2012,4912,2012-09-05,4
"360",360,5,9,2013,4040,2013-09-05,5
"361",361,5,9,2014,3480,2014-09-05,6
"362",362,5,9,2015,3346,2015-09-05,7
"363",363,5,10,2010,5503,2010-10-05,3
"364",364,5,10,2011,5277,2011-10-05,4
"365",365,5,10,2012,2449,2012-10-05,6
"366",366,5,10,2013,2077,2013-10-05,7
"367",367,5,10,2014,5546,2014-10-05,1
"368",368,5,10,2015,5869,2015-10-05,2
"369",369,5,11,2010,4196,2010-11-05,6
"370",370,5,11,2011,3023,2011-11-05,7
"371",371,5,11,2012,6354,2012-11-05,2
"372",372,5,11,2013,5078,2013-11-05,3
"373",373,5,11,2014,5537,2014-11-05,4
"374",374,5,11,2015,5658,2015-11-05,5
"375",375,5,12,2010,7858,2010-12-05,1
"376",376,5,12,2011,5199,2011-12-05,2
"377",377,5,12,2012,5771,2012-12-05,4
"378",378,5,12,2013,4784,2013-12-05,5
"379",379,5,12,2014,3538,2014-12-05,6
"380",380,5,12,2015,3773,2015-12-05,7
"381",381,6,1,2010,6026,2010-01-06,4
"382",382,6,1,2011,4644,2011-01-06,5
"383",383,6,1,2012,2595,2012-01-06,6
"384",384,6,1,2013,5481,2013-01-06,1
"385",385,6,1,2014,10926,2014-01-06,2
"386",386,6,1,2015,8552,2015-01-06,3
"387",387,6,1,2016,6630,2016-01-06,4
"388",388,6,2,2010,3074,2010-02-06,7
"389",389,6,2,2011,6066,2011-02-06,1
"390",390,6,2,2012,5043,2012-02-06,2
"391",391,6,2,2013,5558,2013-02-06,4
"392",392,6,2,2014,7051,2014-02-06,5
"393",393,6,2,2015,4220,2015-02-06,6
"394",394,6,2,2016,3743,2016-02-06,7
"395",395,6,3,2010,2719,2010-03-06,7
"396",396,6,3,2011,6142,2011-03-06,1
"397",397,6,3,2012,4760,2012-03-06,3
"398",398,6,3,2013,5386,2013-03-06,4
"399",399,6,3,2014,5210,2014-03-06,5
"400",400,6,3,2015,4761,2015-03-06,6
"401",401,6,3,2016,6227,2016-03-06,1
"402",402,6,4,2010,5636,2010-04-06,3
"403",403,6,4,2011,5612,2011-04-06,4
"404",404,6,4,2012,2296,2012-04-06,6
"405",405,6,4,2013,2487,2013-04-06,7
"406",406,6,4,2014,5284,2014-04-06,1
"407",407,6,4,2015,6266,2015-04-06,2
"408",408,6,4,2016,6137,2016-04-06,4
"409",409,6,5,2010,4593,2010-05-06,5
"410",410,6,5,2011,2381,2011-05-06,6
"411",411,6,5,2012,4661,2012-05-06,1
"412",412,6,5,2013,4668,2013-05-06,2
"413",413,6,5,2014,5295,2014-05-06,3
"414",414,6,5,2015,5979,2015-05-06,4
"415",415,6,6,2010,5709,2010-06-06,1
"416",416,6,6,2011,5351,2011-06-06,2
"417",417,6,6,2012,4426,2012-06-06,4
"418",418,6,6,2013,4894,2013-06-06,5
"419",419,6,6,2014,3408,2014-06-06,6
"420",420,6,6,2015,3698,2015-06-06,7
"421",421,6,7,2010,7422,2010-07-06,3
"422",422,6,7,2011,5308,2011-07-06,4
"423",423,6,7,2012,3502,2012-07-06,6
"424",424,6,7,2013,2669,2013-07-06,7
"425",425,6,7,2014,6153,2014-07-06,1
"426",426,6,7,2015,6413,2015-07-06,2
"427",427,6,8,2010,2590,2010-08-06,6
"428",428,6,8,2011,2032,2011-08-06,7
"429",429,6,8,2012,5230,2012-08-06,2
"430",430,6,8,2013,4661,2013-08-06,3
"431",431,6,8,2014,5195,2014-08-06,4
"432",432,6,8,2015,5584,2015-08-06,5
"433",433,6,9,2010,5383,2010-09-06,2
"434",434,6,9,2011,5565,2011-09-06,3
"435",435,6,9,2012,4304,2012-09-06,5
"436",436,6,9,2013,2627,2013-09-06,6
"437",437,6,9,2014,2940,2014-09-06,7
"438",438,6,9,2015,3541,2015-09-06,1
"439",439,6,10,2010,5328,2010-10-06,4
"440",440,6,10,2011,4842,2011-10-06,5
"441",441,6,10,2012,2077,2012-10-06,7
"442",442,6,10,2013,5276,2013-10-06,1
"443",443,6,10,2014,5404,2014-10-06,2
"444",444,6,10,2015,6301,2015-10-06,3
"445",445,6,11,2010,3821,2010-11-06,7
"446",446,6,11,2011,5376,2011-11-06,1
"447",447,6,11,2012,8201,2012-11-06,3
"448",448,6,11,2013,4996,2013-11-06,4
"449",449,6,11,2014,5630,2014-11-06,5
"450",450,6,11,2015,4043,2015-11-06,6
"451",451,6,12,2010,7696,2010-12-06,2
"452",452,6,12,2011,5343,2011-12-06,3
"453",453,6,12,2012,5023,2012-12-06,5
"454",454,6,12,2013,3229,2013-12-06,6
"455",455,6,12,2014,4206,2014-12-06,7
"456",456,6,12,2015,6554,2015-12-06,1
"457",457,7,1,2010,5176,2010-01-07,5
"458",458,7,1,2011,3493,2011-01-07,6
"459",459,7,1,2012,2459,2012-01-07,7
"460",460,7,1,2013,5723,2013-01-07,2
"461",461,7,1,2014,10536,2014-01-07,3
"462",462,7,1,2015,10858,2015-01-07,4
"463",463,7,1,2016,5811,2016-01-07,5
"464",464,7,2,2010,6110,2010-02-07,1
"465",465,7,2,2011,7107,2011-02-07,2
"466",466,7,2,2012,5389,2012-02-07,3
"467",467,7,2,2013,4810,2013-02-07,5
"468",468,7,2,2014,4806,2014-02-07,6
"469",469,7,2,2015,4002,2015-02-07,7
"470",470,7,2,2016,5909,2016-02-07,1
"471",471,7,3,2010,5658,2010-03-07,1
"472",472,7,3,2011,5942,2011-03-07,2
"473",473,7,3,2012,4559,2012-03-07,4
"474",474,7,3,2013,4370,2013-03-07,5
"475",475,7,3,2014,3598,2014-03-07,6
"476",476,7,3,2015,4192,2015-03-07,7
"477",477,7,3,2016,6488,2016-03-07,2
"478",478,7,4,2010,5642,2010-04-07,4
"479",479,7,4,2011,4907,2011-04-07,5
"480",480,7,4,2012,1747,2012-04-07,7
"481",481,7,4,2013,4904,2013-04-07,1
"482",482,7,4,2014,5654,2014-04-07,2
"483",483,7,4,2015,6372,2015-04-07,3
"484",484,7,4,2016,4622,2016-04-07,5
"485",485,7,5,2010,3305,2010-05-07,6
"486",486,7,5,2011,1840,2011-05-07,7
"487",487,7,5,2012,4504,2012-05-07,2
"488",488,7,5,2013,5837,2013-05-07,3
"489",489,7,5,2014,5369,2014-05-07,4
"490",490,7,5,2015,5467,2015-05-07,5
"491",491,7,6,2010,5160,2010-06-07,2
"492",492,7,6,2011,5671,2011-06-07,3
"493",493,7,6,2012,4464,2012-06-07,5
"494",494,7,6,2013,3374,2013-06-07,6
"495",495,7,6,2014,3135,2014-06-07,7
"496",496,7,6,2015,6312,2015-06-07,1
"497",497,7,7,2010,6408,2010-07-07,4
"498",498,7,7,2011,4596,2011-07-07,5
"499",499,7,7,2012,2949,2012-07-07,7
"500",500,7,7,2013,5608,2013-07-07,1
"501",501,7,7,2014,6339,2014-07-07,2
"502",502,7,7,2015,6415,2015-07-07,3
"503",503,7,8,2010,2123,2010-08-07,7
"504",504,7,8,2011,4908,2011-08-07,1
"505",505,7,8,2012,4996,2012-08-07,3
"506",506,7,8,2013,4372,2013-08-07,4
"507",507,7,8,2014,5330,2014-08-07,5
"508",508,7,8,2015,3777,2015-08-07,6
"509",509,7,9,2010,5110,2010-09-07,3
"510",510,7,9,2011,6591,2011-09-07,4
"511",511,7,9,2012,3328,2012-09-07,6
"512",512,7,9,2013,2466,2013-09-07,7
"513",513,7,9,2014,5698,2014-09-07,1
"514",514,7,9,2015,6471,2015-09-07,2
"515",515,7,10,2010,4967,2010-10-07,5
"516",516,7,10,2011,2735,2011-10-07,6
"517",517,7,10,2012,3736,2012-10-07,1
"518",518,7,10,2013,5257,2013-10-07,2
"519",519,7,10,2014,5184,2014-10-07,3
"520",520,7,10,2015,5896,2015-10-07,4
"521",521,7,11,2010,7838,2010-11-07,1
"522",522,7,11,2011,4459,2011-11-07,2
"523",523,7,11,2012,9083,2012-11-07,4
"524",524,7,11,2013,5553,2013-11-07,5
"525",525,7,11,2014,4593,2014-11-07,6
"526",526,7,11,2015,3811,2015-11-07,7
"527",527,7,12,2010,7116,2010-12-07,3
"528",528,7,12,2011,6659,2011-12-07,4
"529",529,7,12,2012,2823,2012-12-07,6
"530",530,7,12,2013,3708,2013-12-07,7
"531",531,7,12,2014,7557,2014-12-07,1
"532",532,7,12,2015,6089,2015-12-07,2
"533",533,8,1,2010,3496,2010-01-08,6
"534",534,8,1,2011,3009,2011-01-08,7
"535",535,8,1,2012,5703,2012-01-08,1
"536",536,8,1,2013,5324,2013-01-08,3
"537",537,8,1,2014,8203,2014-01-08,4
"538",538,8,1,2015,7423,2015-01-08,5
"539",539,8,1,2016,4169,2016-01-08,6
"540",540,8,2,2010,5532,2010-02-08,2
"541",541,8,2,2011,7437,2011-02-08,3
"542",542,8,2,2012,4808,2012-02-08,4
"543",543,8,2,2013,3107,2013-02-08,6
"544",544,8,2,2014,4053,2014-02-08,7
"545",545,8,2,2015,6473,2015-02-08,1
"546",546,8,2,2016,6476,2016-02-08,2
"547",547,8,3,2010,5778,2010-03-08,2
"548",548,8,3,2011,6104,2011-03-08,3
"549",549,8,3,2012,4372,2012-03-08,5
"550",550,8,3,2013,2831,2013-03-08,6
"551",551,8,3,2014,3236,2014-03-08,7
"552",552,8,3,2015,7116,2015-03-08,1
"553",553,8,3,2016,6244,2016-03-08,3
"554",554,8,4,2010,5638,2010-04-08,5
"555",555,8,4,2011,2604,2011-04-08,6
"556",556,8,4,2012,4654,2012-04-08,1
"557",557,8,4,2013,4871,2013-04-08,2
"558",558,8,4,2014,5139,2014-04-08,3
"559",559,8,4,2015,5998,2015-04-08,4
"560",560,8,4,2016,370,2016-04-08,6
"561",561,8,5,2010,2986,2010-05-08,7
"562",562,8,5,2011,4791,2011-05-08,1
"563",563,8,5,2012,4745,2012-05-08,3
"564",564,8,5,2013,4877,2013-05-08,4
"565",565,8,5,2014,4872,2014-05-08,5
"566",566,8,5,2015,3803,2015-05-08,6
"567",567,8,6,2010,4522,2010-06-08,3
"568",568,8,6,2011,5781,2011-06-08,4
"569",569,8,6,2012,2704,2012-06-08,6
"570",570,8,6,2013,2931,2013-06-08,7
"571",571,8,6,2014,6103,2014-06-08,1
"572",572,8,6,2015,6272,2015-06-08,2
"573",573,8,7,2010,5113,2010-07-08,5
"574",574,8,7,2011,2540,2011-07-08,6
"575",575,8,7,2012,5559,2012-07-08,1
"576",576,8,7,2013,5776,2013-07-08,2
"577",577,8,7,2014,6920,2014-07-08,3
"578",578,8,7,2015,5941,2015-07-08,4
"579",579,8,8,2010,5338,2010-08-08,1
"580",580,8,8,2011,5314,2011-08-08,2
"581",581,8,8,2012,4567,2012-08-08,4
"582",582,8,8,2013,4123,2013-08-08,5
"583",583,8,8,2014,3121,2014-08-08,6
"584",584,8,8,2015,3470,2015-08-08,7
"585",585,8,9,2010,4715,2010-09-08,4
"586",586,8,9,2011,5707,2011-09-08,5
"587",587,8,9,2012,2353,2012-09-08,7
"588",588,8,9,2013,4623,2013-09-08,1
"589",589,8,9,2014,5068,2014-09-08,2
"590",590,8,9,2015,6339,2015-09-08,3
"591",591,8,10,2010,2574,2010-10-08,6
"592",592,8,10,2011,2052,2011-10-08,7
"593",593,8,10,2012,5112,2012-10-08,2
"594",594,8,10,2013,5136,2013-10-08,3
"595",595,8,10,2014,4816,2014-10-08,4
"596",596,8,10,2015,5318,2015-10-08,5
"597",597,8,11,2010,7764,2010-11-08,2
"598",598,8,11,2011,4980,2011-11-08,3
"599",599,8,11,2012,5996,2012-11-08,5
"600",600,8,11,2013,2928,2013-11-08,6
"601",601,8,11,2014,3345,2014-11-08,7
"602",602,8,11,2015,6924,2015-11-08,1
"603",603,8,12,2010,6940,2010-12-08,4
"604",604,8,12,2011,5518,2011-12-08,5
"605",605,8,12,2012,2609,2012-12-08,7
"606",606,8,12,2013,6068,2013-12-08,1
"607",607,8,12,2014,8278,2014-12-08,2
"608",608,8,12,2015,5923,2015-12-08,3
"609",609,9,1,2010,3986,2010-01-09,7
"610",610,9,1,2011,6562,2011-01-09,1
"611",611,9,1,2012,5274,2012-01-09,2
"612",612,9,1,2013,5215,2013-01-09,4
"613",613,9,1,2014,6217,2014-01-09,5
"614",614,9,1,2015,5277,2015-01-09,6
"615",615,9,1,2016,4099,2016-01-09,7
"616",616,9,2,2010,3641,2010-02-09,3
"617",617,9,2,2011,6458,2011-02-09,4
"618",618,9,2,2012,4383,2012-02-09,5
"619",619,9,2,2013,3443,2013-02-09,7
"620",620,9,2,2014,6741,2014-02-09,1
"621",621,9,2,2015,6218,2015-02-09,2
"622",622,9,2,2016,6535,2016-02-09,3
"623",623,9,3,2010,5601,2010-03-09,3
"624",624,9,3,2011,5985,2011-03-09,4
"625",625,9,3,2012,2741,2012-03-09,6
"626",626,9,3,2013,2439,2013-03-09,7
"627",627,9,3,2014,5637,2014-03-09,1
"628",628,9,3,2015,7637,2015-03-09,2
"629",629,9,3,2016,6329,2016-03-09,4
"630",630,9,4,2010,2951,2010-04-09,6
"631",631,9,4,2011,2227,2011-04-09,7
"632",632,9,4,2012,4343,2012-04-09,2
"633",633,9,4,2013,4820,2013-04-09,3
"634",634,9,4,2014,5216,2014-04-09,4
"635",635,9,4,2015,5273,2015-04-09,5
"636",636,9,5,2010,6607,2010-05-09,1
"637",637,9,5,2011,4904,2011-05-09,2
"638",638,9,5,2012,4431,2012-05-09,4
"639",639,9,5,2013,3745,2013-05-09,5
"640",640,9,5,2014,3387,2014-05-09,6
"641",641,9,5,2015,3528,2015-05-09,7
"642",642,9,6,2010,5041,2010-06-09,4
"643",643,9,6,2011,5030,2011-06-09,5
"644",644,9,6,2012,2182,2012-06-09,7
"645",645,9,6,2013,5197,2013-06-09,1
"646",646,9,6,2014,6224,2014-06-09,2
"647",647,9,6,2015,6317,2015-06-09,3
"648",648,9,7,2010,2880,2010-07-09,6
"649",649,9,7,2011,2300,2011-07-09,7
"650",650,9,7,2012,5405,2012-07-09,2
"651",651,9,7,2013,5461,2013-07-09,3
"652",652,9,7,2014,5975,2014-07-09,4
"653",653,9,7,2015,5356,2015-07-09,5
"654",654,9,8,2010,5578,2010-08-09,2
"655",655,9,8,2011,4941,2011-08-09,3
"656",656,9,8,2012,4610,2012-08-09,5
"657",657,9,8,2013,2269,2013-08-09,6
"658",658,9,8,2014,2894,2014-08-09,7
"659",659,9,8,2015,6380,2015-08-09,1
"660",660,9,9,2010,4522,2010-09-09,5
"661",661,9,9,2011,2688,2011-09-09,6
"662",662,9,9,2012,5496,2012-09-09,1
"663",663,9,9,2013,4748,2013-09-09,2
"664",664,9,9,2014,5105,2014-09-09,3
"665",665,9,9,2015,6181,2015-09-09,4
"666",666,9,10,2010,2314,2010-10-09,7
"667",667,9,10,2011,3227,2011-10-09,1
"668",668,9,10,2012,4928,2012-10-09,3
"669",669,9,10,2013,4831,2013-10-09,4
"670",670,9,10,2014,4520,2014-10-09,5
"671",671,9,10,2015,3574,2015-10-09,6
"672",672,9,11,2010,7501,2010-11-09,3
"673",673,9,11,2011,4742,2011-11-09,4
"674",674,9,11,2012,3611,2012-11-09,6
"675",675,9,11,2013,2693,2013-11-09,7
"676",676,9,11,2014,5920,2014-11-09,1
"677",677,9,11,2015,5757,2015-11-09,2
"678",678,9,12,2010,6226,2010-12-09,5
"679",679,9,12,2011,3507,2011-12-09,6
"680",680,9,12,2012,5167,2012-12-09,1
"681",681,9,12,2013,6126,2013-12-09,2
"682",682,9,12,2014,6411,2014-12-09,3
"683",683,9,12,2015,5500,2015-12-09,4
"684",684,10,1,2010,6752,2010-01-10,1
"685",685,10,1,2011,5727,2011-01-10,2
"686",686,10,1,2012,4917,2012-01-10,3
"687",687,10,1,2013,4641,2013-01-10,5
"688",688,10,1,2014,3655,2014-01-10,6
"689",689,10,1,2015,4521,2015-01-10,7
"690",690,10,1,2016,7392,2016-01-10,1
"691",691,10,2,2010,5592,2010-02-10,4
"692",692,10,2,2011,5461,2011-02-10,5
"693",693,10,2,2012,2820,2012-02-10,6
"694",694,10,2,2013,5801,2013-02-10,1
"695",695,10,2,2014,7324,2014-02-10,2
"696",696,10,2,2015,6154,2015-02-10,3
"697",697,10,2,2016,6901,2016-02-10,4
"698",698,10,3,2010,5567,2010-03-10,4
"699",699,10,3,2011,5979,2011-03-10,5
"700",700,10,3,2012,2216,2012-03-10,7
"701",701,10,3,2013,5455,2013-03-10,1
"702",702,10,3,2014,5489,2014-03-10,2
"703",703,10,3,2015,7631,2015-03-10,3
"704",704,10,3,2016,6342,2016-03-10,5
"705",705,10,4,2010,2272,2010-04-10,7
"706",706,10,4,2011,5044,2011-04-10,1
"707",707,10,4,2012,4297,2012-04-10,3
"708",708,10,4,2013,4696,2013-04-10,4
"709",709,10,4,2014,4989,2014-04-10,5
"710",710,10,4,2015,3595,2015-04-10,6
"711",711,10,5,2010,5999,2010-05-10,2
"712",712,10,5,2011,5275,2011-05-10,3
"713",713,10,5,2012,4138,2012-05-10,5
"714",714,10,5,2013,2843,2013-05-10,6
"715",715,10,5,2014,2949,2014-05-10,7
"716",716,10,5,2015,6518,2015-05-10,1
"717",717,10,6,2010,4367,2010-06-10,5
"718",718,10,6,2011,2626,2011-06-10,6
"719",719,10,6,2012,5114,2012-06-10,1
"720",720,10,6,2013,5741,2013-06-10,2
"721",721,10,6,2014,5625,2014-06-10,3
"722",722,10,6,2015,6354,2015-06-10,4
"723",723,10,7,2010,2455,2010-07-10,7
"724",724,10,7,2011,5386,2011-07-10,1
"725",725,10,7,2012,5251,2012-07-10,3
"726",726,10,7,2013,4981,2013-07-10,4
"727",727,10,7,2014,5334,2014-07-10,5
"728",728,10,7,2015,3867,2015-07-10,6
"729",729,10,8,2010,5269,2010-08-10,3
"730",730,10,8,2011,5069,2011-08-10,4
"731",731,10,8,2012,2416,2012-08-10,6
"732",732,10,8,2013,2112,2013-08-10,7
"733",733,10,8,2014,5595,2014-08-10,1
"734",734,10,8,2015,5824,2015-08-10,2
"735",735,10,9,2010,2308,2010-09-10,6
"736",736,10,9,2011,2454,2011-09-10,7
"737",737,10,9,2012,5090,2012-09-10,2
"738",738,10,9,2013,4869,2013-09-10,3
"739",739,10,9,2014,5121,2014-09-10,4
"740",740,10,9,2015,5940,2015-09-10,5
"741",741,10,10,2010,3394,2010-10-10,1
"742",742,10,10,2011,5028,2011-10-10,2
"743",743,10,10,2012,5565,2012-10-10,4
"744",744,10,10,2013,4201,2013-10-10,5
"745",745,10,10,2014,3009,2014-10-10,6
"746",746,10,10,2015,3358,2015-10-10,7
"747",747,10,11,2010,4660,2010-11-10,4
"748",748,10,11,2011,4652,2011-11-10,5
"749",749,10,11,2012,2773,2012-11-10,7
"750",750,10,11,2013,4020,2013-11-10,1
"751",751,10,11,2014,4230,2014-11-10,2
"752",752,10,11,2015,4059,2015-11-10,3
"753",753,10,12,2010,3574,2010-12-10,6
"754",754,10,12,2011,3534,2011-12-10,7
"755",755,10,12,2012,5167,2012-12-10,2
"756",756,10,12,2013,6351,2013-12-10,3
"757",757,10,12,2014,5842,2014-12-10,4
"758",758,10,12,2015,5136,2015-12-10,5
"759",759,11,1,2010,6232,2010-01-11,2
"760",760,11,1,2011,5341,2011-01-11,3
"761",761,11,1,2012,4932,2012-01-11,4
"762",762,11,1,2013,2701,2013-01-11,6
"763",763,11,1,2014,3771,2014-01-11,7
"764",764,11,1,2015,6035,2015-01-11,1
"765",765,11,1,2016,7033,2016-01-11,2
"766",766,11,2,2010,6272,2010-02-11,5
"767",767,11,2,2011,3517,2011-02-11,6
"768",768,11,2,2012,3184,2012-02-11,7
"769",769,11,2,2013,5507,2013-02-11,2
"770",770,11,2,2014,6755,2014-02-11,3
"771",771,11,2,2015,6048,2015-02-11,4
"772",772,11,2,2016,8149,2016-02-11,5
"773",773,11,3,2010,5240,2010-03-11,5
"774",774,11,3,2011,3071,2011-03-11,6
"775",775,11,3,2012,4547,2012-03-11,1
"776",776,11,3,2013,5445,2013-03-11,2
"777",777,11,3,2014,5450,2014-03-11,3
"778",778,11,3,2015,7619,2015-03-11,4
"779",779,11,3,2016,4198,2016-03-11,6
"780",780,11,4,2010,5767,2010-04-11,1
"781",781,11,4,2011,5056,2011-04-11,2
"782",782,11,4,2012,4126,2012-04-11,4
"783",783,11,4,2013,4794,2013-04-11,5
"784",784,11,4,2014,2961,2014-04-11,6
"785",785,11,4,2015,3444,2015-04-11,7
"786",786,11,5,2010,5685,2010-05-11,3
"787",787,11,5,2011,4846,2011-05-11,4
"788",788,11,5,2012,2316,2012-05-11,6
"789",789,11,5,2013,2476,2013-05-11,7
"790",790,11,5,2014,5928,2014-05-11,1
"791",791,11,5,2015,6472,2015-05-11,2
"792",792,11,6,2010,2428,2010-06-11,6
"793",793,11,6,2011,2002,2011-06-11,7
"794",794,11,6,2012,4534,2012-06-11,2
"795",795,11,6,2013,5441,2013-06-11,3
"796",796,11,6,2014,5305,2014-06-11,4
"797",797,11,6,2015,6068,2015-06-11,5
"798",798,11,7,2010,5778,2010-07-11,1
"799",799,11,7,2011,5851,2011-07-11,2
"800",800,11,7,2012,4988,2012-07-11,4
"801",801,11,7,2013,4337,2013-07-11,5
"802",802,11,7,2014,3357,2014-07-11,6
"803",803,11,7,2015,3804,2015-07-11,7
"804",804,11,8,2010,4833,2010-08-11,4
"805",805,11,8,2011,4641,2011-08-11,5
"806",806,11,8,2012,2225,2012-08-11,7
"807",807,11,8,2013,4839,2013-08-11,1
"808",808,11,8,2014,5166,2014-08-11,2
"809",809,11,8,2015,5952,2015-08-11,3
"810",810,11,9,2010,2106,2010-09-11,7
"811",811,11,9,2011,5746,2011-09-11,1
"812",812,11,9,2012,4767,2012-09-11,3
"813",813,11,9,2013,4846,2013-09-11,4
"814",814,11,9,2014,4650,2014-09-11,5
"815",815,11,9,2015,3850,2015-09-11,6
"816",816,11,10,2010,5952,2010-10-11,2
"817",817,11,10,2011,4717,2011-10-11,3
"818",818,11,10,2012,5805,2012-10-11,5
"819",819,11,10,2013,2087,2013-10-11,6
"820",820,11,10,2014,2873,2014-10-11,7
"821",821,11,10,2015,4254,2015-10-11,1
"822",822,11,11,2010,5295,2010-11-11,5
"823",823,11,11,2011,3664,2011-11-11,6
"824",824,11,11,2012,4288,2012-11-11,1
"825",825,11,11,2013,6740,2013-11-11,2
"826",826,11,11,2014,5289,2014-11-11,3
"827",827,11,11,2015,4963,2015-11-11,4
"828",828,11,12,2010,2758,2010-12-11,7
"829",829,11,12,2011,6308,2011-12-11,1
"830",830,11,12,2012,5421,2012-12-11,3
"831",831,11,12,2013,7084,2013-12-11,4
"832",832,11,12,2014,5716,2014-12-11,5
"833",833,11,12,2015,3868,2015-12-11,6
"834",834,12,1,2010,6078,2010-01-12,3
"835",835,12,1,2011,6307,2011-01-12,4
"836",836,12,1,2012,5284,2012-01-12,5
"837",837,12,1,2013,2388,2013-01-12,7
"838",838,12,1,2014,5908,2014-01-12,1
"839",839,12,1,2015,6432,2015-01-12,2
"840",840,12,1,2016,7811,2016-01-12,3
"841",841,12,2,2010,3754,2010-02-12,6
"842",842,12,2,2011,2676,2011-02-12,7
"843",843,12,2,2012,5551,2012-02-12,1
"844",844,12,2,2013,5461,2013-02-12,3
"845",845,12,2,2014,5769,2014-02-12,4
"846",846,12,2,2015,7030,2015-02-12,5
"847",847,12,2,2016,6882,2016-02-12,6
"848",848,12,3,2010,5109,2010-03-12,6
"849",849,12,3,2011,2424,2011-03-12,7
"850",850,12,3,2012,4758,2012-03-12,2
"851",851,12,3,2013,5167,2013-03-12,3
"852",852,12,3,2014,6266,2014-03-12,4
"853",853,12,3,2015,6502,2015-03-12,5
"854",854,12,3,2016,3801,2016-03-12,7
"855",855,12,4,2010,5446,2010-04-12,2
"856",856,12,4,2011,5237,2011-04-12,3
"857",857,12,4,2012,3793,2012-04-12,5
"858",858,12,4,2013,2782,2013-04-12,6
"859",859,12,4,2014,2908,2014-04-12,7
"860",860,12,4,2015,5983,2015-04-12,1
"861",861,12,5,2010,4764,2010-05-12,4
"862",862,12,5,2011,4437,2011-05-12,5
"863",863,12,5,2012,1892,2012-05-12,7
"864",864,12,5,2013,5200,2013-05-12,1
"865",865,12,5,2014,5549,2014-05-12,2
"866",866,12,5,2015,5778,2015-05-12,3
"867",867,12,6,2010,2133,2010-06-12,7
"868",868,12,6,2011,5121,2011-06-12,1
"869",869,12,6,2012,5424,2012-06-12,3
"870",870,12,6,2013,5192,2013-06-12,4
"871",871,12,6,2014,5725,2014-06-12,5
"872",872,12,6,2015,4296,2015-06-12,6
"873",873,12,7,2010,6021,2010-07-12,2
"874",874,12,7,2011,5348,2011-07-12,3
"875",875,12,7,2012,4598,2012-07-12,5
"876",876,12,7,2013,2539,2013-07-12,6
"877",877,12,7,2014,2758,2014-07-12,7
"878",878,12,7,2015,6668,2015-07-12,1
"879",879,12,8,2010,4647,2010-08-12,5
"880",880,12,8,2011,2663,2011-08-12,6
"881",881,12,8,2012,5211,2012-08-12,1
"882",882,12,8,2013,5090,2013-08-12,2
"883",883,12,8,2014,5716,2014-08-12,3
"884",884,12,8,2015,5839,2015-08-12,4
"885",885,12,9,2010,5226,2010-09-12,1
"886",886,12,9,2011,5868,2011-09-12,2
"887",887,12,9,2012,4748,2012-09-12,4
"888",888,12,9,2013,4240,2013-09-12,5
"889",889,12,9,2014,2662,2014-09-12,6
"890",890,12,9,2015,3672,2015-09-12,7
"891",891,12,10,2010,5606,2010-10-12,3
"892",892,12,10,2011,4790,2011-10-12,4
"893",893,12,10,2012,3981,2012-10-12,6
"894",894,12,10,2013,1764,2013-10-12,7
"895",895,12,10,2014,3443,2014-10-12,1
"896",896,12,10,2015,6524,2015-10-12,2
"897",897,12,11,2010,3150,2010-11-12,6
"898",898,12,11,2011,2714,2011-11-12,7
"899",899,12,11,2012,5638,2012-11-12,2
"900",900,12,11,2013,6776,2013-11-12,3
"901",901,12,11,2014,6589,2014-11-12,4
"902",902,12,11,2015,9237,2015-11-12,5
"903",903,12,12,2010,6506,2010-12-12,1
"904",904,12,12,2011,5970,2011-12-12,2
"905",905,12,12,2012,5229,2012-12-12,4
"906",906,12,12,2013,6109,2013-12-12,5
"907",907,12,12,2014,3908,2014-12-12,6
"908",908,12,12,2015,3191,2015-12-12,7
"909",909,13,1,2010,5200,2010-01-13,4
"910",910,13,1,2011,5931,2011-01-13,5
"911",911,13,1,2012,3919,2012-01-13,6
"912",912,13,1,2013,4871,2013-01-13,1
"913",913,13,1,2014,6221,2014-01-13,2
"914",914,13,1,2015,5706,2015-01-13,3
"915",915,13,1,2016,7011,2016-01-13,4
"916",916,13,2,2010,2619,2010-02-13,7
"917",917,13,2,2011,5694,2011-02-13,1
"918",918,13,2,2012,4508,2012-02-13,2
"919",919,13,2,2013,5018,2013-02-13,4
"920",920,13,2,2014,6135,2014-02-13,5
"921",921,13,2,2015,4602,2015-02-13,6
"922",922,13,2,2016,9113,2016-02-13,7
"923",923,13,3,2010,5914,2010-03-13,7
"924",924,13,3,2011,5557,2011-03-13,1
"925",925,13,3,2012,4981,2012-03-13,3
"926",926,13,3,2013,5565,2013-03-13,4
"927",927,13,3,2014,5626,2014-03-13,5
"928",928,13,3,2015,4446,2015-03-13,6
"929",929,13,3,2016,6405,2016-03-13,1
"930",930,13,4,2010,5276,2010-04-13,3
"931",931,13,4,2011,5031,2011-04-13,4
"932",932,13,4,2012,2257,2012-04-13,6
"933",933,13,4,2013,2395,2013-04-13,7
"934",934,13,4,2014,5202,2014-04-13,1
"935",935,13,4,2015,6078,2015-04-13,2
"936",936,13,5,2010,4792,2010-05-13,5
"937",937,13,5,2011,2385,2011-05-13,6
"938",938,13,5,2012,4735,2012-05-13,1
"939",939,13,5,2013,4864,2013-05-13,2
"940",940,13,5,2014,5687,2014-05-13,3
"941",941,13,5,2015,5945,2015-05-13,4
"942",942,13,6,2010,5732,2010-06-13,1
"943",943,13,6,2011,5121,2011-06-13,2
"944",944,13,6,2012,4930,2012-06-13,4
"945",945,13,6,2013,4915,2013-06-13,5
"946",946,13,6,2014,3440,2014-06-13,6
"947",947,13,6,2015,4029,2015-06-13,7
"948",948,13,7,2010,5115,2010-07-13,3
"949",949,13,7,2011,5399,2011-07-13,4
"950",950,13,7,2012,2654,2012-07-13,6
"951",951,13,7,2013,2537,2013-07-13,7
"952",952,13,7,2014,5956,2014-07-13,1
"953",953,13,7,2015,6534,2015-07-13,2
"954",954,13,8,2010,2417,2010-08-13,6
"955",955,13,8,2011,3047,2011-08-13,7
"956",956,13,8,2012,5138,2012-08-13,2
"957",957,13,8,2013,4878,2013-08-13,3
"958",958,13,8,2014,5027,2014-08-13,4
"959",959,13,8,2015,5298,2015-08-13,5
"960",960,13,9,2010,5193,2010-09-13,2
"961",961,13,9,2011,5668,2011-09-13,3
"962",962,13,9,2012,4189,2012-09-13,5
"963",963,13,9,2013,2295,2013-09-13,6
"964",964,13,9,2014,2427,2014-09-13,7
"965",965,13,9,2015,5974,2015-09-13,1
"966",966,13,10,2010,5666,2010-10-13,4
"967",967,13,10,2011,5064,2011-10-13,5
"968",968,13,10,2012,2344,2012-10-13,7
"969",969,13,10,2013,3293,2013-10-13,1
"970",970,13,10,2014,5278,2014-10-13,2
"971",971,13,10,2015,5694,2015-10-13,3
"972",972,13,11,2010,2495,2010-11-13,7
"973",973,13,11,2011,5606,2011-11-13,1
"974",974,13,11,2012,5833,2012-11-13,3
"975",975,13,11,2013,5864,2013-11-13,4
"976",976,13,11,2014,6451,2014-11-13,5
"977",977,13,11,2015,5335,2015-11-13,6
"978",978,13,12,2010,7970,2010-12-13,2
"979",979,13,12,2011,5214,2011-12-13,3
"980",980,13,12,2012,4602,2012-12-13,5
"981",981,13,12,2013,3744,2013-12-13,6
"982",982,13,12,2014,3297,2014-12-13,7
"983",983,13,12,2015,5826,2015-12-13,1
"984",984,14,1,2010,4994,2010-01-14,5
"985",985,14,1,2011,3418,2011-01-14,6
"986",986,14,1,2012,3918,2012-01-14,7
"987",987,14,1,2013,5320,2013-01-14,2
"988",988,14,1,2014,6043,2014-01-14,3
"989",989,14,1,2015,4986,2015-01-14,4
"990",990,14,1,2016,5386,2016-01-14,5
"991",991,14,2,2010,3653,2010-02-14,1
"992",992,14,2,2011,6539,2011-02-14,2
"993",993,14,2,2012,4761,2012-02-14,3
"994",994,14,2,2013,4610,2013-02-14,5
"995",995,14,2,2014,4095,2014-02-14,6
"996",996,14,2,2015,5482,2015-02-14,7
"997",997,14,2,2016,8160,2016-02-14,1
"998",998,14,3,2010,9033,2010-03-14,1
"999",999,14,3,2011,6118,2011-03-14,2
"1000",1000,14,3,2012,4714,2012-03-14,4
"1001",1001,14,3,2013,4710,2013-03-14,5
"1002",1002,14,3,2014,3367,2014-03-14,6
"1003",1003,14,3,2015,4399,2015-03-14,7
"1004",1004,14,3,2016,6549,2016-03-14,2
"1005",1005,14,4,2010,5577,2010-04-14,4
"1006",1006,14,4,2011,4670,2011-04-14,5
"1007",1007,14,4,2012,2119,2012-04-14,7
"1008",1008,14,4,2013,4688,2013-04-14,1
"1009",1009,14,4,2014,4590,2014-04-14,2
"1010",1010,14,4,2015,6084,2015-04-14,3
"1011",1011,14,5,2010,2468,2010-05-14,6
"1012",1012,14,5,2011,1944,2011-05-14,7
"1013",1013,14,5,2012,4318,2012-05-14,2
"1014",1014,14,5,2013,4703,2013-05-14,3
"1015",1015,14,5,2014,5223,2014-05-14,4
"1016",1016,14,5,2015,5358,2015-05-14,5
"1017",1017,14,6,2010,5673,2010-06-14,2
"1018",1018,14,6,2011,5024,2011-06-14,3
"1019",1019,14,6,2012,4487,2012-06-14,5
"1020",1020,14,6,2013,2823,2013-06-14,6
"1021",1021,14,6,2014,2998,2014-06-14,7
"1022",1022,14,6,2015,7091,2015-06-14,1
"1023",1023,14,7,2010,5417,2010-07-14,4
"1024",1024,14,7,2011,4664,2011-07-14,5
"1025",1025,14,7,2012,2300,2012-07-14,7
"1026",1026,14,7,2013,5593,2013-07-14,1
"1027",1027,14,7,2014,6586,2014-07-14,2
"1028",1028,14,7,2015,6721,2015-07-14,3
"1029",1029,14,8,2010,1952,2010-08-14,7
"1030",1030,14,8,2011,6474,2011-08-14,1
"1031",1031,14,8,2012,5485,2012-08-14,3
"1032",1032,14,8,2013,4701,2013-08-14,4
"1033",1033,14,8,2014,4549,2014-08-14,5
"1034",1034,14,8,2015,3677,2015-08-14,6
"1035",1035,14,9,2010,5112,2010-09-14,3
"1036",1036,14,9,2011,5599,2011-09-14,4
"1037",1037,14,9,2012,2599,2012-09-14,6
"1038",1038,14,9,2013,2283,2013-09-14,7
"1039",1039,14,9,2014,4936,2014-09-14,1
"1040",1040,14,9,2015,5831,2015-09-14,2
"1041",1041,14,10,2010,5663,2010-10-14,5
"1042",1042,14,10,2011,2770,2011-10-14,6
"1043",1043,14,10,2012,5227,2012-10-14,1
"1044",1044,14,10,2013,4896,2013-10-14,2
"1045",1045,14,10,2014,5127,2014-10-14,3
"1046",1046,14,10,2015,6036,2015-10-14,4
"1047",1047,14,11,2010,5592,2010-11-14,1
"1048",1048,14,11,2011,5009,2011-11-14,2
"1049",1049,14,11,2012,5894,2012-11-14,4
"1050",1050,14,11,2013,4754,2013-11-14,5
"1051",1051,14,11,2014,5021,2014-11-14,6
"1052",1052,14,11,2015,4246,2015-11-14,7
"1053",1053,14,12,2010,7914,2010-12-14,3
"1054",1054,14,12,2011,5116,2011-12-14,4
"1055",1055,14,12,2012,3041,2012-12-14,6
"1056",1056,14,12,2013,3886,2013-12-14,7
"1057",1057,14,12,2014,5645,2014-12-14,1
"1058",1058,14,12,2015,5886,2015-12-14,2
"1059",1059,15,1,2010,2586,2010-01-15,6
"1060",1060,15,1,2011,2644,2011-01-15,7
"1061",1061,15,1,2012,5388,2012-01-15,1
"1062",1062,15,1,2013,5067,2013-01-15,3
"1063",1063,15,1,2014,5992,2014-01-15,4
"1064",1064,15,1,2015,5218,2015-01-15,5
"1065",1065,15,1,2016,3592,2016-01-15,6
"1066",1066,15,2,2010,5172,2010-02-15,2
"1067",1067,15,2,2011,6166,2011-02-15,3
"1068",1068,15,2,2012,4547,2012-02-15,4
"1069",1069,15,2,2013,2868,2013-02-15,6
"1070",1070,15,2,2014,4137,2014-02-15,7
"1071",1071,15,2,2015,9900,2015-02-15,1
"1072",1072,15,2,2016,8744,2016-02-15,2
"1073",1073,15,3,2010,6789,2010-03-15,2
"1074",1074,15,3,2011,5431,2011-03-15,3
"1075",1075,15,3,2012,4175,2012-03-15,5
"1076",1076,15,3,2013,2923,2013-03-15,6
"1077",1077,15,3,2014,3448,2014-03-15,7
"1078",1078,15,3,2015,7231,2015-03-15,1
"1079",1079,15,3,2016,6189,2016-03-15,3
"1080",1080,15,4,2010,5126,2010-04-15,5
"1081",1081,15,4,2011,3279,2011-04-15,6
"1082",1082,15,4,2012,5100,2012-04-15,1
"1083",1083,15,4,2013,5035,2013-04-15,2
"1084",1084,15,4,2014,5509,2014-04-15,3
"1085",1085,15,4,2015,5873,2015-04-15,4
"1086",1086,15,5,2010,2190,2010-05-15,7
"1087",1087,15,5,2011,4760,2011-05-15,1
"1088",1088,15,5,2012,4961,2012-05-15,3
"1089",1089,15,5,2013,4754,2013-05-15,4
"1090",1090,15,5,2014,5476,2014-05-15,5
"1091",1091,15,5,2015,3455,2015-05-15,6
"1092",1092,15,6,2010,5223,2010-06-15,3
"1093",1093,15,6,2011,4940,2011-06-15,4
"1094",1094,15,6,2012,2566,2012-06-15,6
"1095",1095,15,6,2013,2427,2013-06-15,7
"1096",1096,15,6,2014,6173,2014-06-15,1
"1097",1097,15,6,2015,6980,2015-06-15,2
"1098",1098,15,7,2010,4950,2010-07-15,5
"1099",1099,15,7,2011,2535,2011-07-15,6
"1100",1100,15,7,2012,5137,2012-07-15,1
"1101",1101,15,7,2013,5931,2013-07-15,2
"1102",1102,15,7,2014,6141,2014-07-15,3
"1103",1103,15,7,2015,6342,2015-07-15,4
"1104",1104,15,8,2010,5141,2010-08-15,1
"1105",1105,15,8,2011,6252,2011-08-15,2
"1106",1106,15,8,2012,4885,2012-08-15,4
"1107",1107,15,8,2013,4481,2013-08-15,5
"1108",1108,15,8,2014,3186,2014-08-15,6
"1109",1109,15,8,2015,3490,2015-08-15,7
"1110",1110,15,9,2010,6547,2010-09-15,4
"1111",1111,15,9,2011,5429,2011-09-15,5
"1112",1112,15,9,2012,2204,2012-09-15,7
"1113",1113,15,9,2013,4741,2013-09-15,1
"1114",1114,15,9,2014,5329,2014-09-15,2
"1115",1115,15,9,2015,6072,2015-09-15,3
"1116",1116,15,10,2010,4164,2010-10-15,6
"1117",1117,15,10,2011,2231,2011-10-15,7
"1118",1118,15,10,2012,5181,2012-10-15,2
"1119",1119,15,10,2013,5182,2013-10-15,3
"1120",1120,15,10,2014,5142,2014-10-15,4
"1121",1121,15,10,2015,5997,2015-10-15,5
"1122",1122,15,11,2010,5633,2010-11-15,2
"1123",1123,15,11,2011,5279,2011-11-15,3
"1124",1124,15,11,2012,5303,2012-11-15,5
"1125",1125,15,11,2013,3226,2013-11-15,6
"1126",1126,15,11,2014,4265,2014-11-15,7
"1127",1127,15,11,2015,6418,2015-11-15,1
"1128",1128,15,12,2010,7139,2010-12-15,4
"1129",1129,15,12,2011,4790,2011-12-15,5
"1130",1130,15,12,2012,2620,2012-12-15,7
"1131",1131,15,12,2013,6437,2013-12-15,1
"1132",1132,15,12,2014,5521,2014-12-15,2
"1133",1133,15,12,2015,5730,2015-12-15,3
"1134",1134,16,1,2010,2429,2010-01-16,7
"1135",1135,16,1,2011,4326,2011-01-16,1
"1136",1136,16,1,2012,5692,2012-01-16,2
"1137",1137,16,1,2013,4604,2013-01-16,4
"1138",1138,16,1,2014,5731,2014-01-16,5
"1139",1139,16,1,2015,4274,2015-01-16,6
"1140",1140,16,1,2016,3510,2016-01-16,7
"1141",1141,16,2,2010,6582,2010-02-16,3
"1142",1142,16,2,2011,5870,2011-02-16,4
"1143",1143,16,2,2012,4253,2012-02-16,5
"1144",1144,16,2,2013,3051,2013-02-16,7
"1145",1145,16,2,2014,6249,2014-02-16,1
"1146",1146,16,2,2015,7871,2015-02-16,2
"1147",1147,16,2,2016,6930,2016-02-16,3
"1148",1148,16,3,2010,6248,2010-03-16,3
"1149",1149,16,3,2011,5090,2011-03-16,4
"1150",1150,16,3,2012,2511,2012-03-16,6
"1151",1151,16,3,2013,2650,2013-03-16,7
"1152",1152,16,3,2014,5515,2014-03-16,1
"1153",1153,16,3,2015,6922,2015-03-16,2
"1154",1154,16,3,2016,6615,2016-03-16,4
"1155",1155,16,4,2010,2700,2010-04-16,6
"1156",1156,16,4,2011,2394,2011-04-16,7
"1157",1157,16,4,2012,4549,2012-04-16,2
"1158",1158,16,4,2013,4793,2013-04-16,3
"1159",1159,16,4,2014,5288,2014-04-16,4
"1160",1160,16,4,2015,5704,2015-04-16,5
"1161",1161,16,5,2010,5697,2010-05-16,1
"1162",1162,16,5,2011,5594,2011-05-16,2
"1163",1163,16,5,2012,4506,2012-05-16,4
"1164",1164,16,5,2013,4300,2013-05-16,5
"1165",1165,16,5,2014,3838,2014-05-16,6
"1166",1166,16,5,2015,3654,2015-05-16,7
"1167",1167,16,6,2010,4819,2010-06-16,4
"1168",1168,16,6,2011,4628,2011-06-16,5
"1169",1169,16,6,2012,2263,2012-06-16,7
"1170",1170,16,6,2013,5183,2013-06-16,1
"1171",1171,16,6,2014,6180,2014-06-16,2
"1172",1172,16,6,2015,6376,2015-06-16,3
"1173",1173,16,7,2010,3253,2010-07-16,6
"1174",1174,16,7,2011,2090,2011-07-16,7
"1175",1175,16,7,2012,5251,2012-07-16,2
"1176",1176,16,7,2013,5991,2013-07-16,3
"1177",1177,16,7,2014,5799,2014-07-16,4
"1178",1178,16,7,2015,5429,2015-07-16,5
"1179",1179,16,8,2010,5379,2010-08-16,2
"1180",1180,16,8,2011,5353,2011-08-16,3
"1181",1181,16,8,2012,4479,2012-08-16,5
"1182",1182,16,8,2013,2677,2013-08-16,6
"1183",1183,16,8,2014,2594,2014-08-16,7
"1184",1184,16,8,2015,6079,2015-08-16,1
"1185",1185,16,9,2010,7827,2010-09-16,5
"1186",1186,16,9,2011,3247,2011-09-16,6
"1187",1187,16,9,2012,4578,2012-09-16,1
"1188",1188,16,9,2013,4410,2013-09-16,2
"1189",1189,16,9,2014,5583,2014-09-16,3
"1190",1190,16,9,2015,6116,2015-09-16,4
"1191",1191,16,10,2010,2895,2010-10-16,7
"1192",1192,16,10,2011,5307,2011-10-16,1
"1193",1193,16,10,2012,5382,2012-10-16,3
"1194",1194,16,10,2013,4804,2013-10-16,4
"1195",1195,16,10,2014,4827,2014-10-16,5
"1196",1196,16,10,2015,5362,2015-10-16,6
"1197",1197,16,11,2010,6000,2010-11-16,3
"1198",1198,16,11,2011,6024,2011-11-16,4
"1199",1199,16,11,2012,3314,2012-11-16,6
"1200",1200,16,11,2013,2260,2013-11-16,7
"1201",1201,16,11,2014,6623,2014-11-16,1
"1202",1202,16,11,2015,7018,2015-11-16,2
"1203",1203,16,12,2010,6078,2010-12-16,5
"1204",1204,16,12,2011,3292,2011-12-16,6
"1205",1205,16,12,2012,5292,2012-12-16,1
"1206",1206,16,12,2013,5977,2013-12-16,2
"1207",1207,16,12,2014,5084,2014-12-16,3
"1208",1208,16,12,2015,5351,2015-12-16,4
"1209",1209,17,1,2010,3618,2010-01-17,1
"1210",1210,17,1,2011,6640,2011-01-17,2
"1211",1211,17,1,2012,5799,2012-01-17,3
"1212",1212,17,1,2013,5385,2013-01-17,5
"1213",1213,17,1,2014,3334,2014-01-17,6
"1214",1214,17,1,2015,3710,2015-01-17,7
"1215",1215,17,1,2016,5731,2016-01-17,1
"1216",1216,17,2,2010,5917,2010-02-17,4
"1217",1217,17,2,2011,5613,2011-02-17,5
"1218",1218,17,2,2012,2331,2012-02-17,6
"1219",1219,17,2,2013,4883,2013-02-17,1
"1220",1220,17,2,2014,6233,2014-02-17,2
"1221",1221,17,2,2015,6960,2015-02-17,3
"1222",1222,17,2,2016,6712,2016-02-17,4
"1223",1223,17,3,2010,5934,2010-03-17,4
"1224",1224,17,3,2011,4797,2011-03-17,5
"1225",1225,17,3,2012,2296,2012-03-17,7
"1226",1226,17,3,2013,5712,2013-03-17,1
"1227",1227,17,3,2014,5937,2014-03-17,2
"1228",1228,17,3,2015,7358,2015-03-17,3
"1229",1229,17,3,2016,5937,2016-03-17,5
"1230",1230,17,4,2010,2371,2010-04-17,7
"1231",1231,17,4,2011,5091,2011-04-17,1
"1232",1232,17,4,2012,4586,2012-04-17,3
"1233",1233,17,4,2013,4481,2013-04-17,4
"1234",1234,17,4,2014,4253,2014-04-17,5
"1235",1235,17,4,2015,4021,2015-04-17,6
"1236",1236,17,5,2010,4923,2010-05-17,2
"1237",1237,17,5,2011,5335,2011-05-17,3
"1238",1238,17,5,2012,4408,2012-05-17,5
"1239",1239,17,5,2013,2920,2013-05-17,6
"1240",1240,17,5,2014,3194,2014-05-17,7
"1241",1241,17,5,2015,6151,2015-05-17,1
"1242",1242,17,6,2010,4299,2010-06-17,5
"1243",1243,17,6,2011,2801,2011-06-17,6
"1244",1244,17,6,2012,5185,2012-06-17,1
"1245",1245,17,6,2013,5359,2013-06-17,2
"1246",1246,17,6,2014,6279,2014-06-17,3
"1247",1247,17,6,2015,5929,2015-06-17,4
"1248",1248,17,7,2010,2623,2010-07-17,7
"1249",1249,17,7,2011,5267,2011-07-17,1
"1250",1250,17,7,2012,5528,2012-07-17,3
"1251",1251,17,7,2013,5847,2013-07-17,4
"1252",1252,17,7,2014,5221,2014-07-17,5
"1253",1253,17,7,2015,3799,2015-07-17,6
"1254",1254,17,8,2010,4931,2010-08-17,3
"1255",1255,17,8,2011,5128,2011-08-17,4
"1256",1256,17,8,2012,2589,2012-08-17,6
"1257",1257,17,8,2013,2146,2013-08-17,7
"1258",1258,17,8,2014,5306,2014-08-17,1
"1259",1259,17,8,2015,6551,2015-08-17,2
"1260",1260,17,9,2010,3692,2010-09-17,6
"1261",1261,17,9,2011,2317,2011-09-17,7
"1262",1262,17,9,2012,5367,2012-09-17,2
"1263",1263,17,9,2013,5198,2013-09-17,3
"1264",1264,17,9,2014,5276,2014-09-17,4
"1265",1265,17,9,2015,5706,2015-09-17,5
"1266",1266,17,10,2010,6270,2010-10-17,1
"1267",1267,17,10,2011,5545,2011-10-17,2
"1268",1268,17,10,2012,4714,2012-10-17,4
"1269",1269,17,10,2013,4396,2013-10-17,5
"1270",1270,17,10,2014,3229,2014-10-17,6
"1271",1271,17,10,2015,6372,2015-10-17,7
"1272",1272,17,11,2010,5801,2010-11-17,4
"1273",1273,17,11,2011,6235,2011-11-17,5
"1274",1274,17,11,2012,3201,2012-11-17,7
"1275",1275,17,11,2013,5311,2013-11-17,1
"1276",1276,17,11,2014,8655,2014-11-17,2
"1277",1277,17,11,2015,6697,2015-11-17,3
"1278",1278,17,12,2010,3612,2010-12-17,6
"1279",1279,17,12,2011,3738,2011-12-17,7
"1280",1280,17,12,2012,4971,2012-12-17,2
"1281",1281,17,12,2013,5768,2013-12-17,3
"1282",1282,17,12,2014,5385,2014-12-17,4
"1283",1283,17,12,2015,5338,2015-12-17,5
"1284",1284,18,1,2010,5206,2010-01-18,2
"1285",1285,18,1,2011,6070,2011-01-18,3
"1286",1286,18,1,2012,6160,2012-01-18,4
"1287",1287,18,1,2013,3156,2013-01-18,6
"1288",1288,18,1,2014,3555,2014-01-18,7
"1289",1289,18,1,2015,4301,2015-01-18,1
"1290",1290,18,1,2016,9853,2016-01-18,2
"1291",1291,18,2,2010,5402,2010-02-18,5
"1292",1292,18,2,2011,3949,2011-02-18,6
"1293",1293,18,2,2012,2244,2012-02-18,7
"1294",1294,18,2,2013,5737,2013-02-18,2
"1295",1295,18,2,2014,6486,2014-02-18,3
"1296",1296,18,2,2015,7354,2015-02-18,4
"1297",1297,18,2,2016,6340,2016-02-18,5
"1298",1298,18,3,2010,5903,2010-03-18,5
"1299",1299,18,3,2011,3080,2011-03-18,6
"1300",1300,18,3,2012,4554,2012-03-18,1
"1301",1301,18,3,2013,5816,2013-03-18,2
"1302",1302,18,3,2014,5857,2014-03-18,3
"1303",1303,18,3,2015,6772,2015-03-18,4
"1304",1304,18,3,2016,4439,2016-03-18,6
"1305",1305,18,4,2010,5969,2010-04-18,1
"1306",1306,18,4,2011,5313,2011-04-18,2
"1307",1307,18,4,2012,4454,2012-04-18,4
"1308",1308,18,4,2013,4240,2013-04-18,5
"1309",1309,18,4,2014,2672,2014-04-18,6
"1310",1310,18,4,2015,3593,2015-04-18,7
"1311",1311,18,5,2010,5370,2010-05-18,3
"1312",1312,18,5,2011,5105,2011-05-18,4
"1313",1313,18,5,2012,2508,2012-05-18,6
"1314",1314,18,5,2013,2184,2013-05-18,7
"1315",1315,18,5,2014,5445,2014-05-18,1
"1316",1316,18,5,2015,6184,2015-05-18,2
"1317",1317,18,6,2010,2676,2010-06-18,6
"1318",1318,18,6,2011,2025,2011-06-18,7
"1319",1319,18,6,2012,5192,2012-06-18,2
"1320",1320,18,6,2013,5051,2013-06-18,3
"1321",1321,18,6,2014,5814,2014-06-18,4
"1322",1322,18,6,2015,5831,2015-06-18,5
"1323",1323,18,7,2010,5907,2010-07-18,1
"1324",1324,18,7,2011,5738,2011-07-18,2
"1325",1325,18,7,2012,5216,2012-07-18,4
"1326",1326,18,7,2013,5453,2013-07-18,5
"1327",1327,18,7,2014,3228,2014-07-18,6
"1328",1328,18,7,2015,4094,2015-07-18,7
"1329",1329,18,8,2010,5037,2010-08-18,4
"1330",1330,18,8,2011,5063,2011-08-18,5
"1331",1331,18,8,2012,2295,2012-08-18,7
"1332",1332,18,8,2013,4782,2013-08-18,1
"1333",1333,18,8,2014,5534,2014-08-18,2
"1334",1334,18,8,2015,6355,2015-08-18,3
"1335",1335,18,9,2010,2832,2010-09-18,7
"1336",1336,18,9,2011,4989,2011-09-18,1
"1337",1337,18,9,2012,5193,2012-09-18,3
"1338",1338,18,9,2013,4475,2013-09-18,4
"1339",1339,18,9,2014,4835,2014-09-18,5
"1340",1340,18,9,2015,4162,2015-09-18,6
"1341",1341,18,10,2010,6522,2010-10-18,2
"1342",1342,18,10,2011,5504,2011-10-18,3
"1343",1343,18,10,2012,3950,2012-10-18,5
"1344",1344,18,10,2013,2592,2013-10-18,6
"1345",1345,18,10,2014,3742,2014-10-18,7
"1346",1346,18,10,2015,9132,2015-10-18,1
"1347",1347,18,11,2010,5732,2010-11-18,5
"1348",1348,18,11,2011,3765,2011-11-18,6
"1349",1349,18,11,2012,6276,2012-11-18,1
"1350",1350,18,11,2013,6288,2013-11-18,2
"1351",1351,18,11,2014,8540,2014-11-18,3
"1352",1352,18,11,2015,5777,2015-11-18,4
"1353",1353,18,12,2010,2956,2010-12-18,7
"1354",1354,18,12,2011,6109,2011-12-18,1
"1355",1355,18,12,2012,5305,2012-12-18,3
"1356",1356,18,12,2013,5237,2013-12-18,4
"1357",1357,18,12,2014,4887,2014-12-18,5
"1358",1358,18,12,2015,4991,2015-12-18,6
"1359",1359,19,1,2010,5163,2010-01-19,3
"1360",1360,19,1,2011,5657,2011-01-19,4
"1361",1361,19,1,2012,5287,2012-01-19,5
"1362",1362,19,1,2013,1907,2013-01-19,7
"1363",1363,19,1,2014,4118,2014-01-19,1
"1364",1364,19,1,2015,5797,2015-01-19,2
"1365",1365,19,1,2016,7300,2016-01-19,3
"1366",1366,19,2,2010,3082,2010-02-19,6
"1367",1367,19,2,2011,3387,2011-02-19,7
"1368",1368,19,2,2012,3045,2012-02-19,1
"1369",1369,19,2,2013,5360,2013-02-19,3
"1370",1370,19,2,2014,6108,2014-02-19,4
"1371",1371,19,2,2015,8740,2015-02-19,5
"1372",1372,19,2,2016,4248,2016-02-19,6
"1373",1373,19,3,2010,3143,2010-03-19,6
"1374",1374,19,3,2011,2567,2011-03-19,7
"1375",1375,19,3,2012,4683,2012-03-19,2
"1376",1376,19,3,2013,5140,2013-03-19,3
"1377",1377,19,3,2014,5617,2014-03-19,4
"1378",1378,19,3,2015,5917,2015-03-19,5
"1379",1379,19,3,2016,4125,2016-03-19,7
"1380",1380,19,4,2010,5209,2010-04-19,2
"1381",1381,19,4,2011,5162,2011-04-19,3
"1382",1382,19,4,2012,4019,2012-04-19,5
"1383",1383,19,4,2013,2472,2013-04-19,6
"1384",1384,19,4,2014,2301,2014-04-19,7
"1385",1385,19,4,2015,6589,2015-04-19,1
"1386",1386,19,5,2010,4872,2010-05-19,4
"1387",1387,19,5,2011,4650,2011-05-19,5
"1388",1388,19,5,2012,2198,2012-05-19,7
"1389",1389,19,5,2013,5350,2013-05-19,1
"1390",1390,19,5,2014,5846,2014-05-19,2
"1391",1391,19,5,2015,5968,2015-05-19,3
"1392",1392,19,6,2010,2342,2010-06-19,7
"1393",1393,19,6,2011,5177,2011-06-19,1
"1394",1394,19,6,2012,5284,2012-06-19,3
"1395",1395,19,6,2013,4853,2013-06-19,4
"1396",1396,19,6,2014,5561,2014-06-19,5
"1397",1397,19,6,2015,3840,2015-06-19,6
"1398",1398,19,7,2010,5886,2010-07-19,2
"1399",1399,19,7,2011,5706,2011-07-19,3
"1400",1400,19,7,2012,4114,2012-07-19,5
"1401",1401,19,7,2013,3309,2013-07-19,6
"1402",1402,19,7,2014,3061,2014-07-19,7
"1403",1403,19,7,2015,7295,2015-07-19,1
"1404",1404,19,8,2010,4486,2010-08-19,5
"1405",1405,19,8,2011,2786,2011-08-19,6
"1406",1406,19,8,2012,4818,2012-08-19,1
"1407",1407,19,8,2013,4961,2013-08-19,2
"1408",1408,19,8,2014,5312,2014-08-19,3
"1409",1409,19,8,2015,5754,2015-08-19,4
"1410",1410,19,9,2010,5870,2010-09-19,1
"1411",1411,19,9,2011,5527,2011-09-19,2
"1412",1412,19,9,2012,4585,2012-09-19,4
"1413",1413,19,9,2013,3779,2013-09-19,5
"1414",1414,19,9,2014,3277,2014-09-19,6
"1415",1415,19,9,2015,3489,2015-09-19,7
"1416",1416,19,10,2010,6496,2010-10-19,3
"1417",1417,19,10,2011,4886,2011-10-19,4
"1418",1418,19,10,2012,2606,2012-10-19,6
"1419",1419,19,10,2013,2192,2013-10-19,7
"1420",1420,19,10,2014,7354,2014-10-19,1
"1421",1421,19,10,2015,6840,2015-10-19,2
"1422",1422,19,11,2010,3460,2010-11-19,6
"1423",1423,19,11,2011,2544,2011-11-19,7
"1424",1424,19,11,2012,5513,2012-11-19,2
"1425",1425,19,11,2013,5764,2013-11-19,3
"1426",1426,19,11,2014,6589,2014-11-19,4
"1427",1427,19,11,2015,6189,2015-11-19,5
"1428",1428,19,12,2010,6067,2010-12-19,1
"1429",1429,19,12,2011,5178,2011-12-19,2
"1430",1430,19,12,2012,4881,2012-12-19,4
"1431",1431,19,12,2013,4597,2013-12-19,5
"1432",1432,19,12,2014,4166,2014-12-19,6
"1433",1433,19,12,2015,4078,2015-12-19,7
"1434",1434,20,1,2010,5646,2010-01-20,4
"1435",1435,20,1,2011,5114,2011-01-20,5
"1436",1436,20,1,2012,3742,2012-01-20,6
"1437",1437,20,1,2013,4553,2013-01-20,1
"1438",1438,20,1,2014,6285,2014-01-20,2
"1439",1439,20,1,2015,6295,2015-01-20,3
"1440",1440,20,1,2016,6940,2016-01-20,4
"1441",1441,20,2,2010,2597,2010-02-20,7
"1442",1442,20,2,2011,3629,2011-02-20,1
"1443",1443,20,2,2012,4954,2012-02-20,2
"1444",1444,20,2,2013,6657,2013-02-20,4
"1445",1445,20,2,2014,6093,2014-02-20,5
"1446",1446,20,2,2015,5645,2015-02-20,6
"1447",1447,20,2,2016,3685,2016-02-20,7
"1448",1448,20,3,2010,2772,2010-03-20,7
"1449",1449,20,3,2011,5582,2011-03-20,1
"1450",1450,20,3,2012,4965,2012-03-20,3
"1451",1451,20,3,2013,4851,2013-03-20,4
"1452",1452,20,3,2014,5156,2014-03-20,5
"1453",1453,20,3,2015,4140,2015-03-20,6
"1454",1454,20,3,2016,5951,2016-03-20,1
"1455",1455,20,4,2010,5372,2010-04-20,3
"1456",1456,20,4,2011,4818,2011-04-20,4
"1457",1457,20,4,2012,2339,2012-04-20,6
"1458",1458,20,4,2013,2724,2013-04-20,7
"1459",1459,20,4,2014,5032,2014-04-20,1
"1460",1460,20,4,2015,6198,2015-04-20,2
"1461",1461,20,5,2010,4700,2010-05-20,5
"1462",1462,20,5,2011,2776,2011-05-20,6
"1463",1463,20,5,2012,5102,2012-05-20,1
"1464",1464,20,5,2013,5017,2013-05-20,2
"1465",1465,20,5,2014,5887,2014-05-20,3
"1466",1466,20,5,2015,5641,2015-05-20,4
"1467",1467,20,6,2010,5857,2010-06-20,1
"1468",1468,20,6,2011,5393,2011-06-20,2
"1469",1469,20,6,2012,6357,2012-06-20,4
"1470",1470,20,6,2013,4605,2013-06-20,5
"1471",1471,20,6,2014,3691,2014-06-20,6
"1472",1472,20,6,2015,3653,2015-06-20,7
"1473",1473,20,7,2010,5794,2010-07-20,3
"1474",1474,20,7,2011,5814,2011-07-20,4
"1475",1475,20,7,2012,2500,2012-07-20,6
"1476",1476,20,7,2013,2972,2013-07-20,7
"1477",1477,20,7,2014,5822,2014-07-20,1
"1478",1478,20,7,2015,6881,2015-07-20,2
"1479",1479,20,8,2010,2601,2010-08-20,6
"1480",1480,20,8,2011,2222,2011-08-20,7
"1481",1481,20,8,2012,5053,2012-08-20,2
"1482",1482,20,8,2013,4460,2013-08-20,3
"1483",1483,20,8,2014,4882,2014-08-20,4
"1484",1484,20,8,2015,5491,2015-08-20,5
"1485",1485,20,9,2010,5694,2010-09-20,2
"1486",1486,20,9,2011,5425,2011-09-20,3
"1487",1487,20,9,2012,4569,2012-09-20,5
"1488",1488,20,9,2013,2812,2013-09-20,6
"1489",1489,20,9,2014,2826,2014-09-20,7
"1490",1490,20,9,2015,6377,2015-09-20,1
"1491",1491,20,10,2010,6302,2010-10-20,4
"1492",1492,20,10,2011,5695,2011-10-20,5
"1493",1493,20,10,2012,2238,2012-10-20,7
"1494",1494,20,10,2013,5257,2013-10-20,1
"1495",1495,20,10,2014,5600,2014-10-20,2
"1496",1496,20,10,2015,6005,2015-10-20,3
"1497",1497,20,11,2010,3238,2010-11-20,7
"1498",1498,20,11,2011,5980,2011-11-20,1
"1499",1499,20,11,2012,4093,2012-11-20,3
"1500",1500,20,11,2013,5769,2013-11-20,4
"1501",1501,20,11,2014,6445,2014-11-20,5
"1502",1502,20,11,2015,4657,2015-11-20,6
"1503",1503,20,12,2010,6230,2010-12-20,2
"1504",1504,20,12,2011,4474,2011-12-20,3
"1505",1505,20,12,2012,5358,2012-12-20,5
"1506",1506,20,12,2013,2632,2013-12-20,6
"1507",1507,20,12,2014,3796,2014-12-20,7
"1508",1508,20,12,2015,5982,2015-12-20,1
"1509",1509,21,1,2010,5138,2010-01-21,5
"1510",1510,21,1,2011,4683,2011-01-21,6
"1511",1511,21,1,2012,3526,2012-01-21,7
"1512",1512,21,1,2013,7606,2013-01-21,2
"1513",1513,21,1,2014,8250,2014-01-21,3
"1514",1514,21,1,2015,5938,2015-01-21,4
"1515",1515,21,1,2016,8629,2016-01-21,5
"1516",1516,21,2,2010,5882,2010-02-21,1
"1517",1517,21,2,2011,6240,2011-02-21,2
"1518",1518,21,2,2012,4467,2012-02-21,3
"1519",1519,21,2,2013,5300,2013-02-21,5
"1520",1520,21,2,2014,3632,2014-02-21,6
"1521",1521,21,2,2015,5041,2015-02-21,7
"1522",1522,21,2,2016,6699,2016-02-21,1
"1523",1523,21,3,2010,5928,2010-03-21,1
"1524",1524,21,3,2011,5807,2011-03-21,2
"1525",1525,21,3,2012,4515,2012-03-21,4
"1526",1526,21,3,2013,4903,2013-03-21,5
"1527",1527,21,3,2014,3743,2014-03-21,6
"1528",1528,21,3,2015,3692,2015-03-21,7
"1529",1529,21,3,2016,6336,2016-03-21,2
"1530",1530,21,4,2010,4833,2010-04-21,4
"1531",1531,21,4,2011,4092,2011-04-21,5
"1532",1532,21,4,2012,2190,2012-04-21,7
"1533",1533,21,4,2013,5023,2013-04-21,1
"1534",1534,21,4,2014,4967,2014-04-21,2
"1535",1535,21,4,2015,6136,2015-04-21,3
"1536",1536,21,5,2010,2814,2010-05-21,6
"1537",1537,21,5,2011,1904,2011-05-21,7
"1538",1538,21,5,2012,5087,2012-05-21,2
"1539",1539,21,5,2013,5125,2013-05-21,3
"1540",1540,21,5,2014,5242,2014-05-21,4
"1541",1541,21,5,2015,4801,2015-05-21,5
"1542",1542,21,6,2010,5612,2010-06-21,2
"1543",1543,21,6,2011,4982,2011-06-21,3
"1544",1544,21,6,2012,5426,2012-06-21,5
"1545",1545,21,6,2013,2817,2013-06-21,6
"1546",1546,21,6,2014,3215,2014-06-21,7
"1547",1547,21,6,2015,6713,2015-06-21,1
"1548",1548,21,7,2010,5134,2010-07-21,4
"1549",1549,21,7,2011,6492,2011-07-21,5
"1550",1550,21,7,2012,2201,2012-07-21,7
"1551",1551,21,7,2013,5513,2013-07-21,1
"1552",1552,21,7,2014,5685,2014-07-21,2
"1553",1553,21,7,2015,6257,2015-07-21,3
"1554",1554,21,8,2010,2169,2010-08-21,7
"1555",1555,21,8,2011,5581,2011-08-21,1
"1556",1556,21,8,2012,4630,2012-08-21,3
"1557",1557,21,8,2013,4502,2013-08-21,4
"1558",1558,21,8,2014,4507,2014-08-21,5
"1559",1559,21,8,2015,3665,2015-08-21,6
"1560",1560,21,9,2010,5363,2010-09-21,3
"1561",1561,21,9,2011,5431,2011-09-21,4
"1562",1562,21,9,2012,2567,2012-09-21,6
"1563",1563,21,9,2013,2376,2013-09-21,7
"1564",1564,21,9,2014,5402,2014-09-21,1
"1565",1565,21,9,2015,5858,2015-09-21,2
"1566",1566,21,10,2010,6264,2010-10-21,5
"1567",1567,21,10,2011,3574,2011-10-21,6
"1568",1568,21,10,2012,4784,2012-10-21,1
"1569",1569,21,10,2013,5002,2013-10-21,2
"1570",1570,21,10,2014,5565,2014-10-21,3
"1571",1571,21,10,2015,5519,2015-10-21,4
"1572",1572,21,11,2010,5216,2010-11-21,1
"1573",1573,21,11,2011,5858,2011-11-21,2
"1574",1574,21,11,2012,2015,2012-11-21,4
"1575",1575,21,11,2013,3814,2013-11-21,5
"1576",1576,21,11,2014,3983,2014-11-21,6
"1577",1577,21,11,2015,4369,2015-11-21,7
"1578",1578,21,12,2010,5556,2010-12-21,3
"1579",1579,21,12,2011,4324,2011-12-21,4
"1580",1580,21,12,2012,3783,2012-12-21,6
"1581",1581,21,12,2013,2527,2013-12-21,7
"1582",1582,21,12,2014,6032,2014-12-21,1
"1583",1583,21,12,2015,4836,2015-12-21,2
"1584",1584,22,1,2010,2742,2010-01-22,6
"1585",1585,22,1,2011,3996,2011-01-22,7
"1586",1586,22,1,2012,5488,2012-01-22,1
"1587",1587,22,1,2013,7810,2013-01-22,3
"1588",1588,22,1,2014,9663,2014-01-22,4
"1589",1589,22,1,2015,5696,2015-01-22,5
"1590",1590,22,1,2016,4678,2016-01-22,6
"1591",1591,22,2,2010,6032,2010-02-22,2
"1592",1592,22,2,2011,5970,2011-02-22,3
"1593",1593,22,2,2012,4389,2012-02-22,4
"1594",1594,22,2,2013,2899,2013-02-22,6
"1595",1595,22,2,2014,3615,2014-02-22,7
"1596",1596,22,2,2015,8347,2015-02-22,1
"1597",1597,22,2,2016,6533,2016-02-22,2
"1598",1598,22,3,2010,6318,2010-03-22,2
"1599",1599,22,3,2011,5395,2011-03-22,3
"1600",1600,22,3,2012,4236,2012-03-22,5
"1601",1601,22,3,2013,2988,2013-03-22,6
"1602",1602,22,3,2014,3374,2014-03-22,7
"1603",1603,22,3,2015,6705,2015-03-22,1
"1604",1604,22,3,2016,6271,2016-03-22,3
"1605",1605,22,4,2010,4683,2010-04-22,5
"1606",1606,22,4,2011,2788,2011-04-22,6
"1607",1607,22,4,2012,5250,2012-04-22,1
"1608",1608,22,4,2013,5303,2013-04-22,2
"1609",1609,22,4,2014,5256,2014-04-22,3
"1610",1610,22,4,2015,6671,2015-04-22,4
"1611",1611,22,5,2010,2192,2010-05-22,7
"1612",1612,22,5,2011,4730,2011-05-22,1
"1613",1613,22,5,2012,5128,2012-05-22,3
"1614",1614,22,5,2013,4714,2013-05-22,4
"1615",1615,22,5,2014,4845,2014-05-22,5
"1616",1616,22,5,2015,3385,2015-05-22,6
"1617",1617,22,6,2010,5441,2010-06-22,3
"1618",1618,22,6,2011,4892,2011-06-22,4
"1619",1619,22,6,2012,3320,2012-06-22,6
"1620",1620,22,6,2013,2566,2013-06-22,7
"1621",1621,22,6,2014,5642,2014-06-22,1
"1622",1622,22,6,2015,6856,2015-06-22,2
"1623",1623,22,7,2010,4674,2010-07-22,5
"1624",1624,22,7,2011,4087,2011-07-22,6
"1625",1625,22,7,2012,4643,2012-07-22,1
"1626",1626,22,7,2013,5302,2013-07-22,2
"1627",1627,22,7,2014,5554,2014-07-22,3
"1628",1628,22,7,2015,6294,2015-07-22,4
"1629",1629,22,8,2010,5540,2010-08-22,1
"1630",1630,22,8,2011,4954,2011-08-22,2
"1631",1631,22,8,2012,4439,2012-08-22,4
"1632",1632,22,8,2013,4323,2013-08-22,5
"1633",1633,22,8,2014,3028,2014-08-22,6
"1634",1634,22,8,2015,3428,2015-08-22,7
"1635",1635,22,9,2010,5263,2010-09-22,4
"1636",1636,22,9,2011,5937,2011-09-22,5
"1637",1637,22,9,2012,2168,2012-09-22,7
"1638",1638,22,9,2013,4230,2013-09-22,1
"1639",1639,22,9,2014,5094,2014-09-22,2
"1640",1640,22,9,2015,5741,2015-09-22,3
"1641",1641,22,10,2010,3845,2010-10-22,6
"1642",1642,22,10,2011,2965,2011-10-22,7
"1643",1643,22,10,2012,4814,2012-10-22,2
"1644",1644,22,10,2013,6294,2013-10-22,3
"1645",1645,22,10,2014,6703,2014-10-22,4
"1646",1646,22,10,2015,5725,2015-10-22,5
"1647",1647,22,11,2010,4737,2010-11-22,2
"1648",1648,22,11,2011,4993,2011-11-22,3
"1649",1649,22,11,2012,3375,2012-11-22,5
"1650",1650,22,11,2013,1777,2013-11-22,6
"1651",1651,22,11,2014,3166,2014-11-22,7
"1652",1652,22,11,2015,7928,2015-11-22,1
"1653",1653,22,12,2010,5068,2010-12-22,4
"1654",1654,22,12,2011,3693,2011-12-22,5
"1655",1655,22,12,2012,2686,2012-12-22,7
"1656",1656,22,12,2013,5073,2013-12-22,1
"1657",1657,22,12,2014,4606,2014-12-22,2
"1658",1658,22,12,2015,4802,2015-12-22,3
"1659",1659,23,1,2010,2371,2010-01-23,7
"1660",1660,23,1,2011,8514,2011-01-23,1
"1661",1661,23,1,2012,5049,2012-01-23,2
"1662",1662,23,1,2013,11245,2013-01-23,4
"1663",1663,23,1,2014,8541,2014-01-23,5
"1664",1664,23,1,2015,3865,2015-01-23,6
"1665",1665,23,1,2016,4087,2016-01-23,7
"1666",1666,23,2,2010,6374,2010-02-23,3
"1667",1667,23,2,2011,5041,2011-02-23,4
"1668",1668,23,2,2012,4297,2012-02-23,5
"1669",1669,23,2,2013,2729,2013-02-23,7
"1670",1670,23,2,2014,6805,2014-02-23,1
"1671",1671,23,2,2015,8592,2015-02-23,2
"1672",1672,23,2,2016,7062,2016-02-23,3
"1673",1673,23,3,2010,5898,2010-03-23,3
"1674",1674,23,3,2011,5288,2011-03-23,4
"1675",1675,23,3,2012,2348,2012-03-23,6
"1676",1676,23,3,2013,2417,2013-03-23,7
"1677",1677,23,3,2014,6447,2014-03-23,1
"1678",1678,23,3,2015,6422,2015-03-23,2
"1679",1679,23,3,2016,5822,2016-03-23,4
"1680",1680,23,4,2010,2704,2010-04-23,6
"1681",1681,23,4,2011,1715,2011-04-23,7
"1682",1682,23,4,2012,5229,2012-04-23,2
"1683",1683,23,4,2013,4457,2013-04-23,3
"1684",1684,23,4,2014,5136,2014-04-23,4
"1685",1685,23,4,2015,6051,2015-04-23,5
"1686",1686,23,5,2010,5027,2010-05-23,1
"1687",1687,23,5,2011,5268,2011-05-23,2
"1688",1688,23,5,2012,4644,2012-05-23,4
"1689",1689,23,5,2013,3792,2013-05-23,5
"1690",1690,23,5,2014,2898,2014-05-23,6
"1691",1691,23,5,2015,2927,2015-05-23,7
"1692",1692,23,6,2010,5612,2010-06-23,4
"1693",1693,23,6,2011,4248,2011-06-23,5
"1694",1694,23,6,2012,2615,2012-06-23,7
"1695",1695,23,6,2013,5356,2013-06-23,1
"1696",1696,23,6,2014,6470,2014-06-23,2
"1697",1697,23,6,2015,7232,2015-06-23,3
"1698",1698,23,7,2010,3244,2010-07-23,6
"1699",1699,23,7,2011,3029,2011-07-23,7
"1700",1700,23,7,2012,5125,2012-07-23,2
"1701",1701,23,7,2013,5137,2013-07-23,3
"1702",1702,23,7,2014,5518,2014-07-23,4
"1703",1703,23,7,2015,5364,2015-07-23,5
"1704",1704,23,8,2010,5067,2010-08-23,2
"1705",1705,23,8,2011,5359,2011-08-23,3
"1706",1706,23,8,2012,4372,2012-08-23,5
"1707",1707,23,8,2013,2471,2013-08-23,6
"1708",1708,23,8,2014,2819,2014-08-23,7
"1709",1709,23,8,2015,5945,2015-08-23,1
"1710",1710,23,9,2010,5073,2010-09-23,5
"1711",1711,23,9,2011,2122,2011-09-23,6
"1712",1712,23,9,2012,4756,2012-09-23,1
"1713",1713,23,9,2013,4958,2013-09-23,2
"1714",1714,23,9,2014,5169,2014-09-23,3
"1715",1715,23,9,2015,5559,2015-09-23,4
"1716",1716,23,10,2010,2449,2010-10-23,7
"1717",1717,23,10,2011,6140,2011-10-23,1
"1718",1718,23,10,2012,4838,2012-10-23,3
"1719",1719,23,10,2013,6559,2013-10-23,4
"1720",1720,23,10,2014,5695,2014-10-23,5
"1721",1721,23,10,2015,4863,2015-10-23,6
"1722",1722,23,11,2010,5134,2010-11-23,3
"1723",1723,23,11,2011,2293,2011-11-23,4
"1724",1724,23,11,2012,3570,2012-11-23,6
"1725",1725,23,11,2013,5485,2013-11-23,7
"1726",1726,23,11,2014,5560,2014-11-23,1
"1727",1727,23,11,2015,7229,2015-11-23,2
"1728",1728,23,12,2010,2592,2010-12-23,5
"1729",1729,23,12,2011,2519,2011-12-23,6
"1730",1730,23,12,2012,3193,2012-12-23,1
"1731",1731,23,12,2013,3871,2013-12-23,2
"1732",1732,23,12,2014,3463,2014-12-23,3
"1733",1733,23,12,2015,3706,2015-12-23,4
"1734",1734,24,1,2010,7175,2010-01-24,1
"1735",1735,24,1,2011,7358,2011-01-24,2
"1736",1736,24,1,2012,4949,2012-01-24,3
"1737",1737,24,1,2013,7583,2013-01-24,5
"1738",1738,24,1,2014,5669,2014-01-24,6
"1739",1739,24,1,2015,3302,2015-01-24,7
"1740",1740,24,1,2016,7750,2016-01-24,1
"1741",1741,24,2,2010,5661,2010-02-24,4
"1742",1742,24,2,2011,5442,2011-02-24,5
"1743",1743,24,2,2012,2922,2012-02-24,6
"1744",1744,24,2,2013,5525,2013-02-24,1
"1745",1745,24,2,2014,6850,2014-02-24,2
"1746",1746,24,2,2015,7377,2015-02-24,3
"1747",1747,24,2,2016,7304,2016-02-24,4
"1748",1748,24,3,2010,5550,2010-03-24,4
"1749",1749,24,3,2011,4890,2011-03-24,5
"1750",1750,24,3,2012,2414,2012-03-24,7
"1751",1751,24,3,2013,4726,2013-03-24,1
"1752",1752,24,3,2014,5435,2014-03-24,2
"1753",1753,24,3,2015,6034,2015-03-24,3
"1754",1754,24,3,2016,5002,2016-03-24,5
"1755",1755,24,4,2010,2264,2010-04-24,7
"1756",1756,24,4,2011,5265,2011-04-24,1
"1757",1757,24,4,2012,4841,2012-04-24,3
"1758",1758,24,4,2013,4725,2013-04-24,4
"1759",1759,24,4,2014,4741,2014-04-24,5
"1760",1760,24,4,2015,3914,2015-04-24,6
"1761",1761,24,5,2010,5021,2010-05-24,2
"1762",1762,24,5,2011,4872,2011-05-24,3
"1763",1763,24,5,2012,4314,2012-05-24,5
"1764",1764,24,5,2013,2703,2013-05-24,6
"1765",1765,24,5,2014,2881,2014-05-24,7
"1766",1766,24,5,2015,3338,2015-05-24,1
"1767",1767,24,6,2010,5153,2010-06-24,5
"1768",1768,24,6,2011,2749,2011-06-24,6
"1769",1769,24,6,2012,5320,2012-06-24,1
"1770",1770,24,6,2013,5449,2013-06-24,2
"1771",1771,24,6,2014,5691,2014-06-24,3
"1772",1772,24,6,2015,6676,2015-06-24,4
"1773",1773,24,7,2010,2899,2010-07-24,7
"1774",1774,24,7,2011,5270,2011-07-24,1
"1775",1775,24,7,2012,4794,2012-07-24,3
"1776",1776,24,7,2013,4768,2013-07-24,4
"1777",1777,24,7,2014,4998,2014-07-24,5
"1778",1778,24,7,2015,3808,2015-07-24,6
"1779",1779,24,8,2010,5138,2010-08-24,3
"1780",1780,24,8,2011,5346,2011-08-24,4
"1781",1781,24,8,2012,2683,2012-08-24,6
"1782",1782,24,8,2013,2088,2013-08-24,7
"1783",1783,24,8,2014,5195,2014-08-24,1
"1784",1784,24,8,2015,6138,2015-08-24,2
"1785",1785,24,9,2010,2949,2010-09-24,6
"1786",1786,24,9,2011,2594,2011-09-24,7
"1787",1787,24,9,2012,4939,2012-09-24,2
"1788",1788,24,9,2013,4676,2013-09-24,3
"1789",1789,24,9,2014,4037,2014-09-24,4
"1790",1790,24,9,2015,5148,2015-09-24,5
"1791",1791,24,10,2010,5354,2010-10-24,1
"1792",1792,24,10,2011,6322,2011-10-24,2
"1793",1793,24,10,2012,4502,2012-10-24,4
"1794",1794,24,10,2013,6094,2013-10-24,5
"1795",1795,24,10,2014,3637,2014-10-24,6
"1796",1796,24,10,2015,3573,2015-10-24,7
"1797",1797,24,11,2010,2143,2010-11-24,4
"1798",1798,24,11,2011,3523,2011-11-24,5
"1799",1799,24,11,2012,3513,2012-11-24,7
"1800",1800,24,11,2013,9085,2013-11-24,1
"1801",1801,24,11,2014,4887,2014-11-24,2
"1802",1802,24,11,2015,5473,2015-11-24,3
"1803",1803,24,12,2010,1909,2010-12-24,6
"1804",1804,24,12,2011,1691,2011-12-24,7
"1805",1805,24,12,2012,1809,2012-12-24,2
"1806",1806,24,12,2013,2384,2013-12-24,3
"1807",1807,24,12,2014,1882,2014-12-24,4
"1808",1808,24,12,2015,1852,2015-12-24,5
"1809",1809,25,1,2010,5882,2010-01-25,2
"1810",1810,25,1,2011,5387,2011-01-25,3
"1811",1811,25,1,2012,4932,2012-01-25,4
"1812",1812,25,1,2013,4913,2013-01-25,6
"1813",1813,25,1,2014,4761,2014-01-25,7
"1814",1814,25,1,2015,5631,2015-01-25,1
"1815",1815,25,1,2016,7886,2016-01-25,2
"1816",1816,25,2,2010,3977,2010-02-25,5
"1817",1817,25,2,2011,3066,2011-02-25,6
"1818",1818,25,2,2012,2698,2012-02-25,7
"1819",1819,25,2,2013,5246,2013-02-25,2
"1820",1820,25,2,2014,6706,2014-02-25,3
"1821",1821,25,2,2015,7133,2015-02-25,4
"1822",1822,25,2,2016,6728,2016-02-25,5
"1823",1823,25,3,2010,5609,2010-03-25,5
"1824",1824,25,3,2011,3283,2011-03-25,6
"1825",1825,25,3,2012,5473,2012-03-25,1
"1826",1826,25,3,2013,4846,2013-03-25,2
"1827",1827,25,3,2014,5480,2014-03-25,3
"1828",1828,25,3,2015,6047,2015-03-25,4
"1829",1829,25,3,2016,4146,2016-03-25,6
"1830",1830,25,4,2010,5686,2010-04-25,1
"1831",1831,25,4,2011,4889,2011-04-25,2
"1832",1832,25,4,2012,4646,2012-04-25,4
"1833",1833,25,4,2013,4202,2013-04-25,5
"1834",1834,25,4,2014,3135,2014-04-25,6
"1835",1835,25,4,2015,3471,2015-04-25,7
"1836",1836,25,5,2010,5217,2010-05-25,3
"1837",1837,25,5,2011,4943,2011-05-25,4
"1838",1838,25,5,2012,2321,2012-05-25,6
"1839",1839,25,5,2013,2156,2013-05-25,7
"1840",1840,25,5,2014,3209,2014-05-25,1
"1841",1841,25,5,2015,6534,2015-05-25,2
"1842",1842,25,6,2010,2839,2010-06-25,6
"1843",1843,25,6,2011,1976,2011-06-25,7
"1844",1844,25,6,2012,5021,2012-06-25,2
"1845",1845,25,6,2013,5192,2013-06-25,3
"1846",1846,25,6,2014,5966,2014-06-25,4
"1847",1847,25,6,2015,5812,2015-06-25,5
"1848",1848,25,7,2010,5799,2010-07-25,1
"1849",1849,25,7,2011,5236,2011-07-25,2
"1850",1850,25,7,2012,5105,2012-07-25,4
"1851",1851,25,7,2013,4789,2013-07-25,5
"1852",1852,25,7,2014,3305,2014-07-25,6
"1853",1853,25,7,2015,3360,2015-07-25,7
"1854",1854,25,8,2010,4772,2010-08-25,4
"1855",1855,25,8,2011,2910,2011-08-25,5
"1856",1856,25,8,2012,2181,2012-08-25,7
"1857",1857,25,8,2013,4518,2013-08-25,1
"1858",1858,25,8,2014,5384,2014-08-25,2
"1859",1859,25,8,2015,5757,2015-08-25,3
"1860",1860,25,9,2010,2618,2010-09-25,7
"1861",1861,25,9,2011,5934,2011-09-25,1
"1862",1862,25,9,2012,4306,2012-09-25,3
"1863",1863,25,9,2013,4608,2013-09-25,4
"1864",1864,25,9,2014,4592,2014-09-25,5
"1865",1865,25,9,2015,3785,2015-09-25,6
"1866",1866,25,10,2010,5291,2010-10-25,2
"1867",1867,25,10,2011,6109,2011-10-25,3
"1868",1868,25,10,2012,4327,2012-10-25,5
"1869",1869,25,10,2013,3453,2013-10-25,6
"1870",1870,25,10,2014,3163,2014-10-25,7
"1871",1871,25,10,2015,6841,2015-10-25,1
"1872",1872,25,11,2010,3531,2010-11-25,5
"1873",1873,25,11,2011,2642,2011-11-25,6
"1874",1874,25,11,2012,6124,2012-11-25,1
"1875",1875,25,11,2013,6824,2013-11-25,2
"1876",1876,25,11,2014,4979,2014-11-25,3
"1877",1877,25,11,2015,2697,2015-11-25,4
"1878",1878,25,12,2010,2733,2010-12-25,7
"1879",1879,25,12,2011,2984,2011-12-25,1
"1880",1880,25,12,2012,5820,2012-12-25,3
"1881",1881,25,12,2013,5454,2013-12-25,4
"1882",1882,25,12,2014,3536,2014-12-25,5
"1883",1883,25,12,2015,2620,2015-12-25,6
"1884",1884,26,1,2010,5652,2010-01-26,3
"1885",1885,26,1,2011,4197,2011-01-26,4
"1886",1886,26,1,2012,4564,2012-01-26,5
"1887",1887,26,1,2013,4009,2013-01-26,7
"1888",1888,26,1,2014,7310,2014-01-26,1
"1889",1889,26,1,2015,4533,2015-01-26,2
"1890",1890,26,1,2016,7623,2016-01-26,3
"1891",1891,26,2,2010,3841,2010-02-26,6
"1892",1892,26,2,2011,2634,2011-02-26,7
"1893",1893,26,2,2012,4631,2012-02-26,1
"1894",1894,26,2,2013,6117,2013-02-26,3
"1895",1895,26,2,2014,6651,2014-02-26,4
"1896",1896,26,2,2015,6302,2015-02-26,5
"1897",1897,26,2,2016,4574,2016-02-26,6
"1898",1898,26,3,2010,3459,2010-03-26,6
"1899",1899,26,3,2011,3026,2011-03-26,7
"1900",1900,26,3,2012,5396,2012-03-26,2
"1901",1901,26,3,2013,4774,2013-03-26,3
"1902",1902,26,3,2014,5308,2014-03-26,4
"1903",1903,26,3,2015,6188,2015-03-26,5
"1904",1904,26,3,2016,3663,2016-03-26,7
"1905",1905,26,4,2010,5433,2010-04-26,2
"1906",1906,26,4,2011,5220,2011-04-26,3
"1907",1907,26,4,2012,4455,2012-04-26,5
"1908",1908,26,4,2013,2679,2013-04-26,6
"1909",1909,26,4,2014,2842,2014-04-26,7
"1910",1910,26,4,2015,6197,2015-04-26,1
"1911",1911,26,5,2010,5674,2010-05-26,4
"1912",1912,26,5,2011,4582,2011-05-26,5
"1913",1913,26,5,2012,1997,2012-05-26,7
"1914",1914,26,5,2013,2514,2013-05-26,1
"1915",1915,26,5,2014,6309,2014-05-26,2
"1916",1916,26,5,2015,6238,2015-05-26,3
"1917",1917,26,6,2010,2719,2010-06-26,7
"1918",1918,26,6,2011,5070,2011-06-26,1
"1919",1919,26,6,2012,4897,2012-06-26,3
"1920",1920,26,6,2013,5101,2013-06-26,4
"1921",1921,26,6,2014,5343,2014-06-26,5
"1922",1922,26,6,2015,3582,2015-06-26,6
"1923",1923,26,7,2010,5584,2010-07-26,2
"1924",1924,26,7,2011,5047,2011-07-26,3
"1925",1925,26,7,2012,4820,2012-07-26,5
"1926",1926,26,7,2013,2564,2013-07-26,6
"1927",1927,26,7,2014,3005,2014-07-26,7
"1928",1928,26,7,2015,6533,2015-07-26,1
"1929",1929,26,8,2010,4666,2010-08-26,5
"1930",1930,26,8,2011,1485,2011-08-26,6
"1931",1931,26,8,2012,4600,2012-08-26,1
"1932",1932,26,8,2013,4513,2013-08-26,2
"1933",1933,26,8,2014,4928,2014-08-26,3
"1934",1934,26,8,2015,5694,2015-08-26,4
"1935",1935,26,9,2010,5552,2010-09-26,1
"1936",1936,26,9,2011,5955,2011-09-26,2
"1937",1937,26,9,2012,4866,2012-09-26,4
"1938",1938,26,9,2013,4163,2013-09-26,5
"1939",1939,26,9,2014,3258,2014-09-26,6
"1940",1940,26,9,2015,3522,2015-09-26,7
"1941",1941,26,10,2010,4915,2010-10-26,3
"1942",1942,26,10,2011,6674,2011-10-26,4
"1943",1943,26,10,2012,2737,2012-10-26,6
"1944",1944,26,10,2013,2578,2013-10-26,7
"1945",1945,26,10,2014,6060,2014-10-26,1
"1946",1946,26,10,2015,6725,2015-10-26,2
"1947",1947,26,11,2010,4009,2010-11-26,6
"1948",1948,26,11,2011,2333,2011-11-26,7
"1949",1949,26,11,2012,6149,2012-11-26,2
"1950",1950,26,11,2013,5172,2013-11-26,3
"1951",1951,26,11,2014,2805,2014-11-26,4
"1952",1952,26,11,2015,3609,2015-11-26,5
"1953",1953,26,12,2010,2968,2010-12-26,1
"1954",1954,26,12,2011,4995,2011-12-26,2
"1955",1955,26,12,2012,6931,2012-12-26,4
"1956",1956,26,12,2013,4828,2013-12-26,5
"1957",1957,26,12,2014,2856,2014-12-26,6
"1958",1958,26,12,2015,3090,2015-12-26,7
"1959",1959,27,1,2010,5841,2010-01-27,4
"1960",1960,27,1,2011,5806,2011-01-27,5
"1961",1961,27,1,2012,2921,2012-01-27,6
"1962",1962,27,1,2013,6354,2013-01-27,1
"1963",1963,27,1,2014,7925,2014-01-27,2
"1964",1964,27,1,2015,7102,2015-01-27,3
"1965",1965,27,1,2016,6239,2016-01-27,4
"1966",1966,27,2,2010,3602,2010-02-27,7
"1967",1967,27,2,2011,5474,2011-02-27,1
"1968",1968,27,2,2012,4623,2012-02-27,2
"1969",1969,27,2,2013,4985,2013-02-27,4
"1970",1970,27,2,2014,6931,2014-02-27,5
"1971",1971,27,2,2015,4746,2015-02-27,6
"1972",1972,27,2,2016,3833,2016-02-27,7
"1973",1973,27,3,2010,2906,2010-03-27,7
"1974",1974,27,3,2011,5827,2011-03-27,1
"1975",1975,27,3,2012,4503,2012-03-27,3
"1976",1976,27,3,2013,4181,2013-03-27,4
"1977",1977,27,3,2014,4507,2014-03-27,5
"1978",1978,27,3,2015,3937,2015-03-27,6
"1979",1979,27,3,2016,5534,2016-03-27,1
"1980",1980,27,4,2010,6095,2010-04-27,3
"1981",1981,27,4,2011,5025,2011-04-27,4
"1982",1982,27,4,2012,2830,2012-04-27,6
"1983",1983,27,4,2013,2329,2013-04-27,7
"1984",1984,27,4,2014,5315,2014-04-27,1
"1985",1985,27,4,2015,6150,2015-04-27,2
"1986",1986,27,5,2010,4358,2010-05-27,5
"1987",1987,27,5,2011,2391,2011-05-27,6
"1988",1988,27,5,2012,2667,2012-05-27,1
"1989",1989,27,5,2013,5021,2013-05-27,2
"1990",1990,27,5,2014,5681,2014-05-27,3
"1991",1991,27,5,2015,6469,2015-05-27,4
"1992",1992,27,6,2010,6364,2010-06-27,1
"1993",1993,27,6,2011,5425,2011-06-27,2
"1994",1994,27,6,2012,5199,2012-06-27,4
"1995",1995,27,6,2013,4848,2013-06-27,5
"1996",1996,27,6,2014,3311,2014-06-27,6
"1997",1997,27,6,2015,3964,2015-06-27,7
"1998",1998,27,7,2010,5788,2010-07-27,3
"1999",1999,27,7,2011,5020,2011-07-27,4
"2000",2000,27,7,2012,2657,2012-07-27,6
"2001",2001,27,7,2013,2123,2013-07-27,7
"2002",2002,27,7,2014,5895,2014-07-27,1
"2003",2003,27,7,2015,6121,2015-07-27,2
"2004",2004,27,8,2010,2672,2010-08-27,6
"2005",2005,27,8,2011,5561,2011-08-27,7
"2006",2006,27,8,2012,4591,2012-08-27,2
"2007",2007,27,8,2013,4737,2013-08-27,3
"2008",2008,27,8,2014,5067,2014-08-27,4
"2009",2009,27,8,2015,5126,2015-08-27,5
"2010",2010,27,9,2010,5659,2010-09-27,2
"2011",2011,27,9,2011,5218,2011-09-27,3
"2012",2012,27,9,2012,4916,2012-09-27,5
"2013",2013,27,9,2013,2522,2013-09-27,6
"2014",2014,27,9,2014,2722,2014-09-27,7
"2015",2015,27,9,2015,5904,2015-09-27,1
"2016",2016,27,10,2010,4839,2010-10-27,4
"2017",2017,27,10,2011,7848,2011-10-27,5
"2018",2018,27,10,2012,1488,2012-10-27,7
"2019",2019,27,10,2013,5297,2013-10-27,1
"2020",2020,27,10,2014,5619,2014-10-27,2
"2021",2021,27,10,2015,6222,2015-10-27,3
"2022",2022,27,11,2010,3157,2010-11-27,7
"2023",2023,27,11,2011,4954,2011-11-27,1
"2024",2024,27,11,2012,5931,2012-11-27,3
"2025",2025,27,11,2013,2536,2013-11-27,4
"2026",2026,27,11,2014,4420,2014-11-27,5
"2027",2027,27,11,2015,3365,2015-11-27,6
"2028",2028,27,12,2010,4755,2010-12-27,2
"2029",2029,27,12,2011,5636,2011-12-27,3
"2030",2030,27,12,2012,5302,2012-12-27,5
"2031",2031,27,12,2013,2759,2013-12-27,6
"2032",2032,27,12,2014,2923,2014-12-27,7
"2033",2033,27,12,2015,6016,2015-12-27,1
"2034",2034,28,1,2010,7472,2010-01-28,5
"2035",2035,28,1,2011,3805,2011-01-28,6
"2036",2036,28,1,2012,2671,2012-01-28,7
"2037",2037,28,1,2013,5777,2013-01-28,2
"2038",2038,28,1,2014,7235,2014-01-28,3
"2039",2039,28,1,2015,6449,2015-01-28,4
"2040",2040,28,1,2016,5781,2016-01-28,5
"2041",2041,28,2,2010,6594,2010-02-28,1
"2042",2042,28,2,2011,5916,2011-02-28,2
"2043",2043,28,2,2012,4631,2012-02-28,3
"2044",2044,28,2,2013,4449,2013-02-28,5
"2045",2045,28,2,2014,4060,2014-02-28,6
"2046",2046,28,2,2015,4057,2015-02-28,7
"2047",2047,28,2,2016,6435,2016-02-28,1
"2048",2048,28,3,2010,6237,2010-03-28,1
"2049",2049,28,3,2011,5366,2011-03-28,2
"2050",2050,28,3,2012,4756,2012-03-28,4
"2051",2051,28,3,2013,3600,2013-03-28,5
"2052",2052,28,3,2014,3203,2014-03-28,6
"2053",2053,28,3,2015,3620,2015-03-28,7
"2054",2054,28,3,2016,7336,2016-03-28,2
"2055",2055,28,4,2010,5141,2010-04-28,4
"2056",2056,28,4,2011,4324,2011-04-28,5
"2057",2057,28,4,2012,1812,2012-04-28,7
"2058",2058,28,4,2013,4753,2013-04-28,1
"2059",2059,28,4,2014,5368,2014-04-28,2
"2060",2060,28,4,2015,6331,2015-04-28,3
"2061",2061,28,5,2010,2300,2010-05-28,6
"2062",2062,28,5,2011,1669,2011-05-28,7
"2063",2063,28,5,2012,5843,2012-05-28,2
"2064",2064,28,5,2013,5300,2013-05-28,3
"2065",2065,28,5,2014,5327,2014-05-28,4
"2066",2066,28,5,2015,5899,2015-05-28,5
"2067",2067,28,6,2010,5909,2010-06-28,2
"2068",2068,28,6,2011,4949,2011-06-28,3
"2069",2069,28,6,2012,5076,2012-06-28,5
"2070",2070,28,6,2013,2774,2013-06-28,6
"2071",2071,28,6,2014,3103,2014-06-28,7
"2072",2072,28,6,2015,7145,2015-06-28,1
"2073",2073,28,7,2010,4842,2010-07-28,4
"2074",2074,28,7,2011,4881,2011-07-28,5
"2075",2075,28,7,2012,2332,2012-07-28,7
"2076",2076,28,7,2013,5187,2013-07-28,1
"2077",2077,28,7,2014,5417,2014-07-28,2
"2078",2078,28,7,2015,6574,2015-07-28,3
"2079",2079,28,8,2010,2291,2010-08-28,7
"2080",2080,28,8,2011,8677,2011-08-28,1
"2081",2081,28,8,2012,4822,2012-08-28,3
"2082",2082,28,8,2013,4589,2013-08-28,4
"2083",2083,28,8,2014,4456,2014-08-28,5
"2084",2084,28,8,2015,3866,2015-08-28,6
"2085",2085,28,9,2010,5436,2010-09-28,3
"2086",2086,28,9,2011,5312,2011-09-28,4
"2087",2087,28,9,2012,2473,2012-09-28,6
"2088",2088,28,9,2013,2254,2013-09-28,7
"2089",2089,28,9,2014,5726,2014-09-28,1
"2090",2090,28,9,2015,5638,2015-09-28,2
"2091",2091,28,10,2010,4892,2010-10-28,5
"2092",2092,28,10,2011,6205,2011-10-28,6
"2093",2093,28,10,2012,5964,2012-10-28,1
"2094",2094,28,10,2013,5943,2013-10-28,2
"2095",2095,28,10,2014,5086,2014-10-28,3
"2096",2096,28,10,2015,5941,2015-10-28,4
"2097",2097,28,11,2010,6134,2010-11-28,1
"2098",2098,28,11,2011,4684,2011-11-28,2
"2099",2099,28,11,2012,5852,2012-11-28,4
"2100",2100,28,11,2013,3815,2013-11-28,5
"2101",2101,28,11,2014,3876,2014-11-28,6
"2102",2102,28,11,2015,3978,2015-11-28,7
"2103",2103,28,12,2010,5526,2010-12-28,3
"2104",2104,28,12,2011,6179,2011-12-28,4
"2105",2105,28,12,2012,3324,2012-12-28,6
"2106",2106,28,12,2013,2848,2013-12-28,7
"2107",2107,28,12,2014,6010,2014-12-28,1
"2108",2108,28,12,2015,6122,2015-12-28,2
"2109",2109,29,1,2010,5866,2010-01-29,6
"2110",2110,29,1,2011,3213,2011-01-29,7
"2111",2111,29,1,2012,5245,2012-01-29,1
"2112",2112,29,1,2013,5546,2013-01-29,3
"2113",2113,29,1,2014,7536,2014-01-29,4
"2114",2114,29,1,2015,5613,2015-01-29,5
"2115",2115,29,1,2016,4093,2016-01-29,6
"2116",2116,29,2,2012,4684,2012-02-29,4
"2117",2117,29,2,2016,6320,2016-02-29,2
"2118",2118,29,3,2010,8824,2010-03-29,2
"2119",2119,29,3,2011,5336,2011-03-29,3
"2120",2120,29,3,2012,4065,2012-03-29,5
"2121",2121,29,3,2013,2494,2013-03-29,6
"2122",2122,29,3,2014,3821,2014-03-29,7
"2123",2123,29,3,2015,6426,2015-03-29,1
"2124",2124,29,3,2016,7154,2016-03-29,3
"2125",2125,29,4,2010,4489,2010-04-29,5
"2126",2126,29,4,2011,2567,2011-04-29,6
"2127",2127,29,4,2012,4617,2012-04-29,1
"2128",2128,29,4,2013,4668,2013-04-29,2
"2129",2129,29,4,2014,6794,2014-04-29,3
"2130",2130,29,4,2015,5779,2015-04-29,4
"2131",2131,29,5,2010,1838,2010-05-29,7
"2132",2132,29,5,2011,2608,2011-05-29,1
"2133",2133,29,5,2012,5541,2012-05-29,3
"2134",2134,29,5,2013,5117,2013-05-29,4
"2135",2135,29,5,2014,5601,2014-05-29,5
"2136",2136,29,5,2015,4120,2015-05-29,6
"2137",2137,29,6,2010,5131,2010-06-29,3
"2138",2138,29,6,2011,4754,2011-06-29,4
"2139",2139,29,6,2012,3708,2012-06-29,6
"2140",2140,29,6,2013,2340,2013-06-29,7
"2141",2141,29,6,2014,5749,2014-06-29,1
"2142",2142,29,6,2015,6518,2015-06-29,2
"2143",2143,29,7,2010,4413,2010-07-29,5
"2144",2144,29,7,2011,2890,2011-07-29,6
"2145",2145,29,7,2012,5101,2012-07-29,1
"2146",2146,29,7,2013,4864,2013-07-29,2
"2147",2147,29,7,2014,5276,2014-07-29,3
"2148",2148,29,7,2015,6399,2015-07-29,4
"2149",2149,29,8,2010,5325,2010-08-29,1
"2150",2150,29,8,2011,7875,2011-08-29,2
"2151",2151,29,8,2012,4662,2012-08-29,4
"2152",2152,29,8,2013,3870,2013-08-29,5
"2153",2153,29,8,2014,2720,2014-08-29,6
"2154",2154,29,8,2015,3181,2015-08-29,7
"2155",2155,29,9,2010,5886,2010-09-29,4
"2156",2156,29,9,2011,4389,2011-09-29,5
"2157",2157,29,9,2012,2188,2012-09-29,7
"2158",2158,29,9,2013,4873,2013-09-29,1
"2159",2159,29,9,2014,4991,2014-09-29,2
"2160",2160,29,9,2015,6390,2015-09-29,3
"2161",2161,29,10,2010,3624,2010-10-29,6
"2162",2162,29,10,2011,5204,2011-10-29,7
"2163",2163,29,10,2012,6042,2012-10-29,2
"2164",2164,29,10,2013,5262,2013-10-29,3
"2165",2165,29,10,2014,6069,2014-10-29,4
"2166",2166,29,10,2015,5620,2015-10-29,5
"2167",2167,29,11,2010,5837,2010-11-29,2
"2168",2168,29,11,2011,5909,2011-11-29,3
"2169",2169,29,11,2012,4942,2012-11-29,5
"2170",2170,29,11,2013,3545,2013-11-29,6
"2171",2171,29,11,2014,3390,2014-11-29,7
"2172",2172,29,11,2015,7167,2015-11-29,1
"2173",2173,29,12,2010,5092,2010-12-29,4
"2174",2174,29,12,2011,3868,2011-12-29,5
"2175",2175,29,12,2012,3466,2012-12-29,7
"2176",2176,29,12,2013,5474,2013-12-29,1
"2177",2177,29,12,2014,5659,2014-12-29,2
"2178",2178,29,12,2015,5633,2015-12-29,3
"2179",2179,30,1,2010,4123,2010-01-30,7
"2180",2180,30,1,2011,6265,2011-01-30,1
"2181",2181,30,1,2012,5100,2012-01-30,2
"2182",2182,30,1,2013,6521,2013-01-30,4
"2183",2183,30,1,2014,5334,2014-01-30,5
"2184",2184,30,1,2015,5697,2015-01-30,6
"2185",2185,30,1,2016,3743,2016-01-30,7
"2186",2186,30,3,2010,6245,2010-03-30,3
"2187",2187,30,3,2011,4652,2011-03-30,4
"2188",2188,30,3,2012,2810,2012-03-30,6
"2189",2189,30,3,2013,1903,2013-03-30,7
"2190",2190,30,3,2014,5740,2014-03-30,1
"2191",2191,30,3,2015,6561,2015-03-30,2
"2192",2192,30,3,2016,6563,2016-03-30,4
"2193",2193,30,4,2010,2519,2010-04-30,6
"2194",2194,30,4,2011,2120,2011-04-30,7
"2195",2195,30,4,2012,4732,2012-04-30,2
"2196",2196,30,4,2013,4737,2013-04-30,3
"2197",2197,30,4,2014,7298,2014-04-30,4
"2198",2198,30,4,2015,5601,2015-04-30,5
"2199",2199,30,5,2010,2354,2010-05-30,1
"2200",2200,30,5,2011,6025,2011-05-30,2
"2201",2201,30,5,2012,5219,2012-05-30,4
"2202",2202,30,5,2013,4805,2013-05-30,5
"2203",2203,30,5,2014,3237,2014-05-30,6
"2204",2204,30,5,2015,4101,2015-05-30,7
"2205",2205,30,6,2010,4862,2010-06-30,4
"2206",2206,30,6,2011,4150,2011-06-30,5
"2207",2207,30,6,2012,3038,2012-06-30,7
"2208",2208,30,6,2013,5173,2013-06-30,1
"2209",2209,30,6,2014,5972,2014-06-30,2
"2210",2210,30,6,2015,6838,2015-06-30,3
"2211",2211,30,7,2010,2393,2010-07-30,6
"2212",2212,30,7,2011,2329,2011-07-30,7
"2213",2213,30,7,2012,4911,2012-07-30,2
"2214",2214,30,7,2013,5003,2013-07-30,3
"2215",2215,30,7,2014,5047,2014-07-30,4
"2216",2216,30,7,2015,6056,2015-07-30,5
"2217",2217,30,8,2010,4913,2010-08-30,2
"2218",2218,30,8,2011,5925,2011-08-30,3
"2219",2219,30,8,2012,3630,2012-08-30,5
"2220",2220,30,8,2013,2275,2013-08-30,6
"2221",2221,30,8,2014,2558,2014-08-30,7
"2222",2222,30,8,2015,6101,2015-08-30,1
"2223",2223,30,9,2010,6376,2010-09-30,5
"2224",2224,30,9,2011,2603,2011-09-30,6
"2225",2225,30,9,2012,4514,2012-09-30,1
"2226",2226,30,9,2013,5132,2013-09-30,2
"2227",2227,30,9,2014,5027,2014-09-30,3
"2228",2228,30,9,2015,5514,2015-09-30,4
"2229",2229,30,10,2010,3386,2010-10-30,7
"2230",2230,30,10,2011,7950,2011-10-30,1
"2231",2231,30,10,2012,6885,2012-10-30,3
"2232",2232,30,10,2013,4602,2013-10-30,4
"2233",2233,30,10,2014,5738,2014-10-30,5
"2234",2234,30,10,2015,4367,2015-10-30,6
"2235",2235,30,11,2010,6813,2010-11-30,3
"2236",2236,30,11,2011,6156,2011-11-30,4
"2237",2237,30,11,2012,3938,2012-11-30,6
"2238",2238,30,11,2013,2610,2013-11-30,7
"2239",2239,30,11,2014,5719,2014-11-30,1
"2240",2240,30,11,2015,6242,2015-11-30,2
"2241",2241,30,12,2010,3686,2010-12-30,5
"2242",2242,30,12,2011,2069,2011-12-30,6
"2243",2243,30,12,2012,4319,2012-12-30,1
"2244",2244,30,12,2013,4864,2013-12-30,2
"2245",2245,30,12,2014,4609,2014-12-30,3
"2246",2246,30,12,2015,3954,2015-12-30,4
"2247",2247,31,1,2010,6841,2010-01-31,1
"2248",2248,31,1,2011,5613,2011-01-31,2
"2249",2249,31,1,2012,4920,2012-01-31,3
"2250",2250,31,1,2013,6226,2013-01-31,5
"2251",2251,31,1,2014,3875,2014-01-31,6
"2252",2252,31,1,2015,4001,2015-01-31,7
"2253",2253,31,1,2016,5920,2016-01-31,1
"2254",2254,31,3,2010,5300,2010-03-31,4
"2255",2255,31,3,2011,4914,2011-03-31,5
"2256",2256,31,3,2012,2368,2012-03-31,7
"2257",2257,31,3,2013,4702,2013-03-31,1
"2258",2258,31,3,2014,5590,2014-03-31,2
"2259",2259,31,3,2015,6244,2015-03-31,3
"2260",2260,31,3,2016,6324,2016-03-31,5
"2261",2261,31,5,2010,5071,2010-05-31,2
"2262",2262,31,5,2011,5054,2011-05-31,3
"2263",2263,31,5,2012,4673,2012-05-31,5
"2264",2264,31,5,2013,3235,2013-05-31,6
"2265",2265,31,5,2014,3221,2014-05-31,7
"2266",2266,31,5,2015,6890,2015-05-31,1
"2267",2267,31,7,2010,2080,2010-07-31,7
"2268",2268,31,7,2011,5225,2011-07-31,1
"2269",2269,31,7,2012,4755,2012-07-31,3
"2270",2270,31,7,2013,4318,2013-07-31,4
"2271",2271,31,7,2014,4786,2014-07-31,5
"2272",2272,31,7,2015,3981,2015-07-31,6
"2273",2273,31,8,2010,5537,2010-08-31,3
"2274",2274,31,8,2011,5524,2011-08-31,4
"2275",2275,31,8,2012,2346,2012-08-31,6
"2276",2276,31,8,2013,2037,2013-08-31,7
"2277",2277,31,8,2014,2940,2014-08-31,1
"2278",2278,31,8,2015,7195,2015-08-31,2
"2279",2279,31,10,2010,6850,2010-10-31,1
"2280",2280,31,10,2011,7604,2011-10-31,2
"2281",2281,31,10,2012,5937,2012-10-31,4
"2282",2282,31,10,2013,4401,2013-10-31,5
"2283",2283,31,10,2014,4708,2014-10-31,6
"2284",2284,31,10,2015,3483,2015-10-31,7
"2285",2285,31,12,2009,2243,2009-12-31,5
"2286",2286,31,12,2010,2440,2010-12-31,6
"2287",2287,31,12,2011,1798,2011-12-31,7
"2288",2288,31,12,2012,2739,2012-12-31,2
"2289",2289,31,12,2013,2974,2013-12-31,3
"2290",2290,31,12,2014,3151,2014-12-31,4
"2291",2291,31,12,2015,3073,2015-12-31,5
